Name,Language,URL
freeCodeCamp,0.988,https://github.com/freeCodeCamp/freeCodeCamp
free-programming-books,0.966,https://github.com/EbookFoundation/free-programming-books
awesome,0.924,https://github.com/sindresorhus/awesome
996.ICU,,https://github.com/996icu/996.ICU
coding-interview-university,0.891,https://github.com/jwasham/coding-interview-university
public-apis,0.996,https://github.com/public-apis/public-apis
developer-roadmap,0.632,https://github.com/kamranahmedse/developer-roadmap
system-design-primer,0.290,https://github.com/donnemartin/system-design-primer
build-your-own-x,0.705,https://github.com/codecrafters-io/build-your-own-x
react,0.912,https://github.com/facebook/react
vue,0.962,https://github.com/vuejs/vue
awesome-python,,https://github.com/vinta/awesome-python
tensorflow,0.950,https://github.com/tensorflow/tensorflow
javascript-algorithms,0.638,https://github.com/trekhleb/javascript-algorithms
You-Dont-Know-JS,0.912,https://github.com/getify/You-Dont-Know-JS
Python,0.980,https://github.com/TheAlgorithms/Python
CS-Notes,0.778,https://github.com/CyC2018/CS-Notes
bootstrap,0.985,https://github.com/twbs/bootstrap
ohmyzsh,0.956,https://github.com/ohmyzsh/ohmyzsh
linux,,https://github.com/torvalds/linux
flutter,0.867,https://github.com/flutter/flutter
gitignore,,https://github.com/github/gitignore
vscode,0.954,https://github.com/microsoft/vscode
computer-science,0.972,https://github.com/ossu/computer-science
Auto-GPT,0.680,https://github.com/Significant-Gravitas/Auto-GPT
awesome-selfhosted,1.000,https://github.com/awesome-selfhosted/awesome-selfhosted
Python-100-Days,0.169,https://github.com/jackfrued/Python-100-Days
the-art-of-command-line,0.553,https://github.com/jlevy/the-art-of-command-line
JavaGuide,0.934,https://github.com/Snailclimb/JavaGuide
javascript,0.927,https://github.com/airbnb/javascript
youtube-dl,0.854,https://github.com/ytdl-org/youtube-dl
fucking-algorithm,0.569,https://github.com/labuladong/fucking-algorithm
30-seconds-of-code,0.986,https://github.com/30-seconds/30-seconds-of-code
project-based-learning,0.713,https://github.com/practical-tutorials/project-based-learning
go,0.857,https://github.com/golang/go
react-native,0.942,https://github.com/facebook/react-native
transformers,0.953,https://github.com/huggingface/transformers
next.js,0.881,https://github.com/vercel/next.js
electron,0.957,https://github.com/electron/electron
awesome-go,0.998,https://github.com/avelino/awesome-go
the-book-of-secret-knowledge,,https://github.com/trimstray/the-book-of-secret-knowledge
d3,0.998,https://github.com/d3/d3
free-programming-books-zh_CN,,https://github.com/justjavac/free-programming-books-zh_CN
axios,0.911,https://github.com/axios/axios
kubernetes,0.958,https://github.com/kubernetes/kubernetes
stable-diffusion-webui,0.779,https://github.com/AUTOMATIC1111/stable-diffusion-webui
create-react-app,0.798,https://github.com/facebook/create-react-app
node,0.917,https://github.com/nodejs/node
PowerToys,0.782,https://github.com/microsoft/PowerToys
tech-interview-handbook,0.744,https://github.com/yangshun/tech-interview-handbook
three.js,0.968,https://github.com/mrdoob/three.js
TypeScript,0.852,https://github.com/microsoft/TypeScript
nodebestpractices,0.904,https://github.com/goldbergyoni/nodebestpractices
deno,0.831,https://github.com/denoland/deno
scrcpy,0.619,https://github.com/Genymobile/scrcpy
terminal,0.877,https://github.com/microsoft/terminal
angular,0.949,https://github.com/angular/angular
material-ui,0.921,https://github.com/mui/material-ui
awesome-chatgpt-prompts,,https://github.com/f/awesome-chatgpt-prompts
ant-design,0.966,https://github.com/ant-design/ant-design
clean-code-javascript,0.551,https://github.com/ryanmcdermott/clean-code-javascript
rust,0.819,https://github.com/rust-lang/rust
puppeteer,0.954,https://github.com/puppeteer/puppeteer
vue-element-admin,0.661,https://github.com/PanJiaChen/vue-element-admin
java-design-patterns,0.786,https://github.com/iluwatar/java-design-patterns
storybook,0.854,https://github.com/storybookjs/storybook
thefuck,0.669,https://github.com/nvbn/thefuck
animate.css,0.973,https://github.com/animate-css/animate.css
realworld,0.898,https://github.com/gothinkster/realworld
papers-we-love,0.942,https://github.com/papers-we-love/papers-we-love
models,0.854,https://github.com/tensorflow/models
Web-Dev-For-Beginners,0.889,https://github.com/microsoft/Web-Dev-For-Beginners
HelloGitHub,0.955,https://github.com/521xueweihan/HelloGitHub
laravel,,https://github.com/laravel/laravel
LeetCodeAnimation,0.712,https://github.com/MisterBooo/LeetCodeAnimation
django,,https://github.com/django/django
every-programmer-should-know,0.429,https://github.com/mtdvio/every-programmer-should-know
free-for-dev,,https://github.com/ripienaar/free-for-dev
svelte,0.850,https://github.com/sveltejs/svelte
FiraCode,0.718,https://github.com/tonsky/FiraCode
Font-Awesome,0.716,https://github.com/FortAwesome/Font-Awesome
tailwindcss,0.999,https://github.com/tailwindlabs/tailwindcss
frp,0.972,https://github.com/fatedier/frp
advanced-java,0.979,https://github.com/doocs/advanced-java
gin,0.739,https://github.com/gin-gonic/gin
bitcoin,0.954,https://github.com/bitcoin/bitcoin
opencv,0.759,https://github.com/opencv/opencv
pytorch,0.677,https://github.com/pytorch/pytorch
nvm,0.834,https://github.com/nvm-sh/nvm
mall,0.947,https://github.com/macrozheng/mall
awesome-vue,0.862,https://github.com/vuejs/awesome-vue
spring-boot,0.981,https://github.com/spring-projects/spring-boot
neovim,0.863,https://github.com/neovim/neovim
hugo,0.914,https://github.com/gohugoio/hugo
Awesome-Hacking,,https://github.com/Hack-with-Github/Awesome-Hacking
json-server,0.456,https://github.com/typicode/json-server
iptv,0.927,https://github.com/iptv-org/iptv
tauri,0.827,https://github.com/tauri-apps/tauri
app-ideas,0.330,https://github.com/florinpop17/app-ideas
moby,0.834,https://github.com/moby/moby
Front-End-Checklist,0.993,https://github.com/thedaviddias/Front-End-Checklist
GitHub-Chinese-Top-Charts,0.562,https://github.com/GrowingGit/GitHub-Chinese-Top-Charts
elasticsearch,0.883,https://github.com/elastic/elasticsearch
netdata,0.963,https://github.com/netdata/netdata
reveal.js,0.707,https://github.com/hakimel/reveal.js
flask,1.000,https://github.com/pallets/flask
godot,0.811,https://github.com/godotengine/godot
swift,0.574,https://github.com/apple/swift
webpack,0.979,https://github.com/webpack/webpack
awesome-mac,0.722,https://github.com/jaywcjlove/awesome-mac
node,0.761,https://github.com/base-org/node
core,0.949,https://github.com/home-assistant/core
fastapi,0.993,https://github.com/tiangolo/fastapi
code-server,0.910,https://github.com/coder/code-server
express,0.966,https://github.com/expressjs/express
Chart.js,0.959,https://github.com/chartjs/Chart.js
redis,0.686,https://github.com/redis/redis
langchain,0.331,https://github.com/langchain-ai/langchain
protobuf,0.865,https://github.com/protocolbuffers/protobuf
mermaid,0.681,https://github.com/mermaid-js/mermaid
resume.github.com,0.532,https://github.com/resume/resume.github.com
clash_for_windows_pkg,0.958,https://github.com/Fndroid/clash_for_windows_pkg
interviews,0.423,https://github.com/kdn251/interviews
awesome-machine-learning,1.000,https://github.com/josephmisiti/awesome-machine-learning
redux,0.981,https://github.com/reduxjs/redux
the-algorithm,0.786,https://github.com/twitter/the-algorithm
stable-diffusion,0.275,https://github.com/CompVis/stable-diffusion
atom,0.944,https://github.com/atom/atom
cs-video-courses,,https://github.com/Developer-Y/cs-video-courses
nest,0.992,https://github.com/nestjs/nest
vite,0.928,https://github.com/vitejs/vite
markdown-here,0.507,https://github.com/adam-p/markdown-here
keras,0.976,https://github.com/keras-team/keras
angular.js,0.957,https://github.com/angular/angular.js
socket.io,0.976,https://github.com/socketio/socket.io
github-readme-stats,0.913,https://github.com/anuraghazra/github-readme-stats
ansible,0.983,https://github.com/ansible/ansible
architect-awesome,0.319,https://github.com/xingshaocheng/architect-awesome
awesome-react,0.969,https://github.com/enaqx/awesome-react
Front-end-Developer-Interview-Questions,0.962,https://github.com/h5bp/Front-end-Developer-Interview-Questions
jquery,0.969,https://github.com/jquery/jquery
devops-exercises,0.779,https://github.com/bregman-arie/devops-exercises
33-js-concepts,0.661,https://github.com/leonardomso/33-js-concepts
nocode,0.139,https://github.com/kelseyhightower/nocode
awesome-interview-questions,0.811,https://github.com/DopplerHQ/awesome-interview-questions
lodash,0.914,https://github.com/lodash/lodash
grafana,0.886,https://github.com/grafana/grafana
shadowsocks-windows,0.950,https://github.com/shadowsocks/shadowsocks-windows
funNLP,0.770,https://github.com/fighting41love/funNLP
supabase,0.908,https://github.com/supabase/supabase
echarts,0.870,https://github.com/apache/echarts
awesome-for-beginners,0.873,https://github.com/MunGell/awesome-for-beginners
javascript-questions,0.977,https://github.com/lydiahallie/javascript-questions
strapi,0.958,https://github.com/strapi/strapi
awesome-public-datasets,0.423,https://github.com/awesomedata/awesome-public-datasets
HowToCook,0.435,https://github.com/Anduin2017/HowToCook
scikit-learn,0.845,https://github.com/scikit-learn/scikit-learn
cpython,0.893,https://github.com/python/cpython
Apollo-11,0.838,https://github.com/chrislgarry/Apollo-11
yt-dlp,0.802,https://github.com/yt-dlp/yt-dlp
html5-boilerplate,0.998,https://github.com/h5bp/html5-boilerplate
gatsby,0.993,https://github.com/gatsbyjs/gatsby
playwright,0.941,https://github.com/microsoft/playwright
excalidraw,0.634,https://github.com/excalidraw/excalidraw
hoppscotch,0.861,https://github.com/hoppscotch/hoppscotch
fzf,0.886,https://github.com/junegunn/fzf
syncthing,0.940,https://github.com/syncthing/syncthing
superset,0.872,https://github.com/apache/superset
element,0.866,https://github.com/ElemeFE/element
rails,0.976,https://github.com/rails/rails
Java,0.993,https://github.com/TheAlgorithms/Java
ML-For-Beginners,,https://github.com/microsoft/ML-For-Beginners
manim,0.655,https://github.com/3b1b/manim
tesseract,0.847,https://github.com/tesseract-ocr/tesseract
design-resources-for-developers,1.000,https://github.com/bradtraversy/design-resources-for-developers
spring-framework,0.953,https://github.com/spring-projects/spring-framework
awesome-nodejs,1.000,https://github.com/sindresorhus/awesome-nodejs
Ventoy,0.748,https://github.com/ventoy/Ventoy
leetcode,0.968,https://github.com/azl397985856/leetcode
Best-websites-a-programmer-should-visit,0.657,https://github.com/sdmg15/Best-websites-a-programmer-should-visit
gpt4all,0.763,https://github.com/nomic-ai/gpt4all
DeepLearning-500-questions,0.437,https://github.com/scutan90/DeepLearning-500-questions
react-router,0.995,https://github.com/remix-run/react-router
normalize.css,0.910,https://github.com/necolas/normalize.css
Semantic-UI,0.845,https://github.com/Semantic-Org/Semantic-UI
PayloadsAllTheThings,,https://github.com/swisskyrepo/PayloadsAllTheThings
tabby,0.657,https://github.com/Eugeny/tabby
requests,0.948,https://github.com/psf/requests
obs-studio,0.881,https://github.com/obsproject/obs-studio
imgui,0.847,https://github.com/ocornut/imgui
prometheus,0.868,https://github.com/prometheus/prometheus
caddy,0.974,https://github.com/caddyserver/caddy
ionic-framework,0.980,https://github.com/ionic-team/ionic-framework
face_recognition,0.451,https://github.com/ageitgey/face_recognition
awesome-courses,0.542,https://github.com/prakhar1989/awesome-courses
awesome-cpp,0.398,https://github.com/fffaraz/awesome-cpp
SecLists,0.888,https://github.com/danielmiessler/SecLists
material-design-icons,0.812,https://github.com/google/material-design-icons
alacritty,0.942,https://github.com/alacritty/alacritty
scrapy,0.832,https://github.com/scrapy/scrapy
localstack,0.928,https://github.com/localstack/localstack
awesome-flutter,,https://github.com/Solido/awesome-flutter
guava,0.819,https://github.com/google/guava
awesome-scalability,,https://github.com/binhnguyennus/awesome-scalability
you-get,,https://github.com/soimort/you-get
moment,0.943,https://github.com/moment/moment
bulma,0.917,https://github.com/jgthms/bulma
openai-cookbook,0.586,https://github.com/openai/openai-cookbook
docusaurus,0.906,https://github.com/facebook/docusaurus
nuxt,0.928,https://github.com/nuxt/nuxt
git,,https://github.com/git/git
awesome-android-ui,0.885,https://github.com/wasabeef/awesome-android-ui
RxJava,0.995,https://github.com/ReactiveX/RxJava
jekyll,0.981,https://github.com/jekyll/jekyll
anime,0.726,https://github.com/juliangarnier/anime
faceswap,0.976,https://github.com/deepfakes/faceswap
v2rayN,0.951,https://github.com/2dust/v2rayN
hacker-scripts,0.506,https://github.com/NARKOZ/hacker-scripts
d2l-zh,,https://github.com/d2l-ai/d2l-zh
rustdesk,0.970,https://github.com/rustdesk/rustdesk
prettier,0.840,https://github.com/prettier/prettier
new-pac,0.752,https://github.com/Alvin9999/new-pac
clash,0.977,https://github.com/Dreamacro/clash
nerd-fonts,0.966,https://github.com/ryanoasis/nerd-fonts
kotlin,,https://github.com/JetBrains/kotlin
tldr,0.857,https://github.com/tldr-pages/tldr
big-list-of-naughty-strings,0.333,https://github.com/minimaxir/big-list-of-naughty-strings
serverless,0.834,https://github.com/serverless/serverless
DefinitelyTyped,0.912,https://github.com/DefinitelyTyped/DefinitelyTyped
cypress,0.900,https://github.com/cypress-io/cypress
chinese-poetry,0.454,https://github.com/chinese-poetry/chinese-poetry
gpt4free,0.678,https://github.com/xtekky/gpt4free
rich,0.892,https://github.com/Textualize/rich
Real-Time-Voice-Cloning,0.855,https://github.com/CorentinJ/Real-Time-Voice-Cloning
traefik,0.887,https://github.com/traefik/traefik
learn-regex,0.417,https://github.com/ziishaned/learn-regex
okhttp,0.978,https://github.com/square/okhttp
etcd,0.975,https://github.com/etcd-io/etcd
algorithm-visualizer,0.692,https://github.com/algorithm-visualizer/algorithm-visualizer
whisper,,https://github.com/openai/whisper
dayjs,0.542,https://github.com/iamkun/dayjs
Ghost,0.993,https://github.com/TryGhost/Ghost
mastodon,0.623,https://github.com/mastodon/mastodon
awesome-ios,1.000,https://github.com/vsouza/awesome-ios
pdf.js,0.964,https://github.com/mozilla/pdf.js
meteor,0.978,https://github.com/meteor/meteor
bun,0.602,https://github.com/oven-sh/bun
go-ethereum,0.966,https://github.com/ethereum/go-ethereum
awesome-chatgpt-prompts-zh,0.609,https://github.com/PlexPt/awesome-chatgpt-prompts-zh
pi-hole,0.989,https://github.com/pi-hole/pi-hole
architecture-samples,0.716,https://github.com/android/architecture-samples
julia,0.839,https://github.com/JuliaLang/julia
sherlock,0.945,https://github.com/sherlock-project/sherlock
v2ray-core,0.993,https://github.com/v2ray/v2ray-core
TensorFlow-Examples,0.299,https://github.com/aymericdamien/TensorFlow-Examples
AdminLTE,0.971,https://github.com/ColorlibHQ/AdminLTE
gogs,0.832,https://github.com/gogs/gogs
Projects,0.451,https://github.com/karan/Projects
bat,0.838,https://github.com/sharkdp/bat
act,0.836,https://github.com/nektos/act
gpt-engineer,0.910,https://github.com/AntonOsika/gpt-engineer
parcel,0.873,https://github.com/parcel-bundler/parcel
jest,0.949,https://github.com/jestjs/jest
ChatGPT-Next-Web,0.991,https://github.com/Yidadaa/ChatGPT-Next-Web
drawio-desktop,0.868,https://github.com/jgraph/drawio-desktop
babel,0.925,https://github.com/babel/babel
ghidra,0.695,https://github.com/NationalSecurityAgency/ghidra
mkcert,0.709,https://github.com/FiloSottile/mkcert
DeepFaceLab,0.599,https://github.com/iperov/DeepFaceLab
build-web-application-with-golang,0.613,https://github.com/astaxie/build-web-application-with-golang
github-cheat-sheet,0.714,https://github.com/tiimgreen/github-cheat-sheet
react,0.995,https://github.com/typescript-cheatsheets/react
awesome-wechat-weapp,,https://github.com/justjavac/awesome-wechat-weapp
retrofit,0.941,https://github.com/square/retrofit
design-patterns-for-humans,0.940,https://github.com/kamranahmedse/design-patterns-for-humans
100-Days-Of-ML-Code,,https://github.com/Avik-Jain/100-Days-Of-ML-Code
leetcode-master,0.306,https://github.com/youngyangyang04/leetcode-master
project-layout,0.363,https://github.com/golang-standards/project-layout
x64dbg,0.762,https://github.com/x64dbg/x64dbg
openpilot,0.904,https://github.com/commaai/openpilot
Microsoft-Activation-Scripts,0.989,https://github.com/massgravel/Microsoft-Activation-Scripts
rustlings,0.792,https://github.com/rust-lang/rustlings
hyper,0.771,https://github.com/vercel/hyper
yolov5,0.980,https://github.com/ultralytics/yolov5
yarn,0.718,https://github.com/yarnpkg/yarn
marktext,0.619,https://github.com/marktext/marktext
git-flight-rules,0.750,https://github.com/k88hudson/git-flight-rules
trackerslist,0.980,https://github.com/ngosang/trackerslist
llama,0.303,https://github.com/facebookresearch/llama
pixijs,0.969,https://github.com/pixijs/pixijs
ChatGPT,0.393,https://github.com/lencx/ChatGPT
bypass-paywalls-chrome,1.000,https://github.com/iamadamdev/bypass-paywalls-chrome
minio,0.996,https://github.com/minio/minio
gpt_academic,0.661,https://github.com/binary-husky/gpt_academic
PowerShell,0.700,https://github.com/PowerShell/PowerShell
vue2-elm,0.819,https://github.com/bailicangdu/vue2-elm
rclone,0.841,https://github.com/rclone/rclone
llama.cpp,0.643,https://github.com/ggerganov/llama.cpp
core,0.837,https://github.com/vuejs/core
Motrix,0.467,https://github.com/agalwood/Motrix
ripgrep,0.909,https://github.com/BurntSushi/ripgrep
nw.js,0.878,https://github.com/nwjs/nw.js
Alamofire,0.987,https://github.com/Alamofire/Alamofire
pandas,0.862,https://github.com/pandas-dev/pandas
pm2,0.836,https://github.com/Unitech/pm2
PythonDataScienceHandbook,0.414,https://github.com/jakevdp/PythonDataScienceHandbook
styled-components,0.929,https://github.com/styled-components/styled-components
dubbo,0.858,https://github.com/apache/dubbo
huginn,0.705,https://github.com/huginn/huginn
frontend-dev-bookmarks,0.812,https://github.com/dypsilon/frontend-dev-bookmarks
grpc,0.946,https://github.com/grpc/grpc
materialize,0.881,https://github.com/Dogfalo/materialize
CppCoreGuidelines,0.795,https://github.com/isocpp/CppCoreGuidelines
terraform,0.915,https://github.com/hashicorp/terraform
discourse,,https://github.com/discourse/discourse
meilisearch,0.929,https://github.com/meilisearch/meilisearch
uni-app,0.713,https://github.com/dcloudio/uni-app
lazygit,0.665,https://github.com/jesseduffield/lazygit
hiring-without-whiteboards,,https://github.com/poteto/hiring-without-whiteboards
joplin,0.942,https://github.com/laurent22/joplin
zx,0.867,https://github.com/google/zx
powerlevel10k,0.986,https://github.com/romkatv/powerlevel10k
Leaflet,0.928,https://github.com/Leaflet/Leaflet
gitea,0.816,https://github.com/go-gitea/gitea
30-Days-Of-JavaScript,0.380,https://github.com/Asabeneh/30-Days-Of-JavaScript
FFmpeg,,https://github.com/FFmpeg/FFmpeg
dive,0.557,https://github.com/wagoodman/dive
front-end-interview-handbook,0.817,https://github.com/yangshun/front-end-interview-handbook
edex-ui,0.989,https://github.com/GitSquared/edex-ui
python-patterns,0.869,https://github.com/faif/python-patterns
AppFlowy,0.666,https://github.com/AppFlowy-IO/AppFlowy
segment-anything,0.264,https://github.com/facebookresearch/segment-anything
react-use,0.415,https://github.com/streamich/react-use
uptime-kuma,0.669,https://github.com/louislam/uptime-kuma
vuetify,0.920,https://github.com/vuetifyjs/vuetify
Magisk,0.996,https://github.com/topjohnwu/Magisk
nocodb,0.798,https://github.com/nocodb/nocodb
awesome-java,1.000,https://github.com/akullpp/awesome-java
fastlane,0.972,https://github.com/fastlane/fastlane
first-contributions,0.960,https://github.com/firstcontributions/first-contributions
hexo,0.983,https://github.com/hexojs/hexo
impress.js,0.877,https://github.com/impress/impress.js
uBlock,0.996,https://github.com/gorhill/uBlock
what-happens-when,0.187,https://github.com/alex/what-happens-when
privateGPT,0.302,https://github.com/imartinez/privateGPT
awesome-react-components,0.978,https://github.com/brillout/awesome-react-components
brew,0.994,https://github.com/Homebrew/brew
Rocket.Chat,0.843,https://github.com/RocketChat/Rocket.Chat
hackingtool,0.953,https://github.com/Z4nzu/hackingtool
quill,0.605,https://github.com/quilljs/quill
MPAndroidChart,0.589,https://github.com/PhilJay/MPAndroidChart
awesome-rust,0.921,https://github.com/rust-unofficial/awesome-rust
open-source-mac-os-apps,0.771,https://github.com/serhii-londar/open-source-mac-os-apps
spark,,https://github.com/apache/spark
react-hook-form,0.996,https://github.com/react-hook-form/react-hook-form
freecodecamp.cn,0.760,https://github.com/FreeCodeCampChina/freecodecamp.cn
kubernetes-the-hard-way,0.779,https://github.com/kelseyhightower/kubernetes-the-hard-way
json,0.966,https://github.com/nlohmann/json
ailearning,0.972,https://github.com/apachecn/ailearning
swiper,0.965,https://github.com/nolimits4web/swiper
open-source-ios-apps,1.000,https://github.com/dkhamsing/open-source-ios-apps
Deep-Learning-Papers-Reading-Roadmap,0.075,https://github.com/floodsung/Deep-Learning-Papers-Reading-Roadmap
starship,0.763,https://github.com/starship/starship
type-challenges,0.101,https://github.com/type-challenges/type-challenges
query,0.983,https://github.com/TanStack/query
video.js,0.912,https://github.com/videojs/video.js
jadx,0.777,https://github.com/skylot/jadx
php-src,0.773,https://github.com/php/php-src
weekly,0.195,https://github.com/ruanyf/weekly
esbuild,0.897,https://github.com/evanw/esbuild
cheat.sh,0.539,https://github.com/chubin/cheat.sh
kong,0.953,https://github.com/Kong/kong
drawio,0.878,https://github.com/jgraph/drawio
jeecg-boot,0.993,https://github.com/jeecgboot/jeecg-boot
annotated_deep_learning_paper_implementations,0.772,https://github.com/labmlai/annotated_deep_learning_paper_implementations
monaco-editor,0.894,https://github.com/microsoft/monaco-editor
slate,0.919,https://github.com/slatedocs/slate
Prompt-Engineering-Guide,0.312,https://github.com/dair-ai/Prompt-Engineering-Guide
styleguide,0.388,https://github.com/google/styleguide
interview_internal_reference,0.400,https://github.com/0voice/interview_internal_reference
tabler,0.916,https://github.com/tabler/tabler
bert,0.312,https://github.com/google-research/bert
phaser,0.973,https://github.com/photonstorm/phaser
wrk,0.665,https://github.com/wg/wrk
Open-Assistant,0.863,https://github.com/LAION-AI/Open-Assistant
sentry,0.852,https://github.com/getsentry/sentry
preact,0.913,https://github.com/preactjs/preact
lerna,0.871,https://github.com/lerna/lerna
tutorials,0.970,https://github.com/eugenp/tutorials
ant-design-pro,0.961,https://github.com/ant-design/ant-design-pro
tidb,0.787,https://github.com/pingcap/tidb
zustand,0.995,https://github.com/pmndrs/zustand
fullPage.js,0.958,https://github.com/alvarotrigo/fullPage.js
pure-bash-bible,0.440,https://github.com/dylanaraps/pure-bash-bible
node-v0.x-archive,1.000,https://github.com/nodejs/node-v0.x-archive
awesome-cheatsheets,0.643,https://github.com/LeCoupa/awesome-cheatsheets
og-aws,0.384,https://github.com/open-guides/og-aws
v,0.893,https://github.com/vlang/v
JavaFamily,0.984,https://github.com/AobingJava/JavaFamily
iina,0.560,https://github.com/iina/iina
koa,0.958,https://github.com/koajs/koa
hackathon-starter,0.989,https://github.com/sahat/hackathon-starter
chakra-ui,0.953,https://github.com/chakra-ui/chakra-ui
astro,0.959,https://github.com/withastro/astro
lottie-android,0.982,https://github.com/airbnb/lottie-android
nativefier,0.794,https://github.com/nativefier/nativefier
wtfpython,0.674,https://github.com/satwikkansal/wtfpython
deeplearningbook-chinese,0.690,https://github.com/exacity/deeplearningbook-chinese
Made-With-ML,1.000,https://github.com/GokuMohandas/Made-With-ML
TaskMatrix,0.391,https://github.com/microsoft/TaskMatrix
shadowsocks-android,0.985,https://github.com/shadowsocks/shadowsocks-android
metabase,0.800,https://github.com/metabase/metabase
ChatGLM-6B,0.604,https://github.com/THUDM/ChatGLM-6B
glide,0.898,https://github.com/bumptech/glide
prisma,0.697,https://github.com/prisma/prisma
istio,0.971,https://github.com/istio/istio
dbeaver,0.883,https://github.com/dbeaver/dbeaver
caffe,0.813,https://github.com/BVLC/caffe
cs-self-learning,0.500,https://github.com/PKUFlyingPig/cs-self-learning
taro,0.901,https://github.com/NervJS/taro
sheetjs,0.951,https://github.com/SheetJS/sheetjs
gorm,0.954,https://github.com/go-gorm/gorm
leveldb,0.723,https://github.com/google/leveldb
black,0.854,https://github.com/psf/black
clipboard.js,0.990,https://github.com/zenorocha/clipboard.js
shadowsocks,,https://github.com/shadowsocks/shadowsocks
the-way-to-go_ZH_CN,,https://github.com/unknwon/the-way-to-go_ZH_CN
brackets,0.730,https://github.com/adobe/brackets
zju-icicles,0.889,https://github.com/QSCTech/zju-icicles
AFNetworking,,https://github.com/AFNetworking/AFNetworking
n8n,0.916,https://github.com/n8n-io/n8n
python-cheatsheet,0.887,https://github.com/gto76/python-cheatsheet
manifesto,0.450,https://github.com/opentffoundation/manifesto
awesome-react-native,0.515,https://github.com/jondot/awesome-react-native
arthas,0.872,https://github.com/alibaba/arthas
free,0.305,https://github.com/freefq/free
cobra,0.852,https://github.com/spf13/cobra
pyenv,0.981,https://github.com/pyenv/pyenv
cli,0.887,https://github.com/cli/cli
carbon,0.921,https://github.com/carbon-app/carbon
955.WLB,0.301,https://github.com/formulahendry/955.WLB
appwrite,0.836,https://github.com/appwrite/appwrite
acme.sh,0.690,https://github.com/acmesh-official/acme.sh
PaddleOCR,0.914,https://github.com/PaddlePaddle/PaddleOCR
shellcheck,0.627,https://github.com/koalaman/shellcheck
gulp,0.987,https://github.com/gulpjs/gulp
DragGAN,0.263,https://github.com/XingangPan/DragGAN
formik,0.697,https://github.com/jaredpalmer/formik
gold-miner,1.000,https://github.com/xitu/gold-miner
hello-algorithm,0.821,https://github.com/geekxh/hello-algorithm
immutable-js,0.918,https://github.com/immutable-js/immutable-js
gym,0.963,https://github.com/openai/gym
CPlusPlusThings,0.981,https://github.com/Light-City/CPlusPlusThings
vim,0.821,https://github.com/vim/vim
aspnetcore,0.908,https://github.com/dotnet/aspnetcore
AndroidUtilCode,0.825,https://github.com/Blankj/AndroidUtilCode
devdocs,0.877,https://github.com/freeCodeCamp/devdocs
date-fns,0.724,https://github.com/date-fns/date-fns
material-design-lite,0.831,https://github.com/google/material-design-lite
mitmproxy,0.911,https://github.com/mitmproxy/mitmproxy
XX-Net,0.405,https://github.com/XX-net/XX-Net
ColossalAI,0.803,https://github.com/hpcaitech/ColossalAI
awesome-design-patterns,0.364,https://github.com/DovAmir/awesome-design-patterns
typeorm,0.731,https://github.com/typeorm/typeorm
GFPGAN,0.311,https://github.com/TencentARC/GFPGAN
vim-plug,0.885,https://github.com/junegunn/vim-plug
netty,0.913,https://github.com/netty/netty
ShadowsocksX-NG,0.778,https://github.com/shadowsocks/ShadowsocksX-NG
wtfjs,0.897,https://github.com/denysdovhan/wtfjs
ijkplayer,0.477,https://github.com/bilibili/ijkplayer
fanqiang,0.598,https://github.com/bannedbook/fanqiang
reactjs-interview-questions,0.921,https://github.com/sudheerj/reactjs-interview-questions
airflow,0.913,https://github.com/apache/airflow
zxing,0.997,https://github.com/zxing/zxing
Docker-OSX,0.462,https://github.com/sickcodes/Docker-OSX
tesseract.js,0.977,https://github.com/naptha/tesseract.js
android-open-project,0.843,https://github.com/Trinea/android-open-project
aria2,0.447,https://github.com/aria2/aria2
awesome-javascript,0.976,https://github.com/sorrycc/awesome-javascript
12306,0.683,https://github.com/testerSunshine/12306
jieba,0.264,https://github.com/fxsjy/jieba
curl,0.994,https://github.com/curl/curl
metasploit-framework,0.932,https://github.com/rapid7/metasploit-framework
diagrams,0.396,https://github.com/mingrammer/diagrams
carbon-lang,0.755,https://github.com/carbon-language/carbon-lang
jQuery-File-Upload,0.985,https://github.com/blueimp/jQuery-File-Upload
react-beautiful-dnd,0.668,https://github.com/atlassian/react-beautiful-dnd
MockingBird,0.476,https://github.com/babysor/MockingBird
googletest,0.882,https://github.com/google/googletest
google-research,0.272,https://github.com/google-research/google-research
yuzu,0.699,https://github.com/yuzu-emu/yuzu
ClickHouse,0.818,https://github.com/ClickHouse/ClickHouse
awesome-awesomeness,0.810,https://github.com/bayandin/awesome-awesomeness
odoo,0.870,https://github.com/odoo/odoo
insomnia,0.823,https://github.com/Kong/insomnia
LeetCode-Go,0.811,https://github.com/halfrost/LeetCode-Go
50projects50days,,https://github.com/bradtraversy/50projects50days
lx-music-desktop,0.720,https://github.com/lyswhut/lx-music-desktop
marked,0.983,https://github.com/markedjs/marked
compose,0.975,https://github.com/docker/compose
spring-boot-demo,0.449,https://github.com/xkcoding/spring-boot-demo
lazydocker,0.629,https://github.com/jesseduffield/lazydocker
tmux,0.993,https://github.com/tmux/tmux
nvm-windows,0.909,https://github.com/coreybutler/nvm-windows
interview,0.714,https://github.com/huihut/interview
certbot,0.961,https://github.com/certbot/certbot
beego,0.997,https://github.com/beego/beego
husky,0.968,https://github.com/typicode/husky
HanLP,0.994,https://github.com/hankcs/HanLP
framework,1.000,https://github.com/laravel/framework
graphql-engine,0.648,https://github.com/hasura/graphql-engine
Blog,0.315,https://github.com/mqyqingfeng/Blog
ui,0.371,https://github.com/shadcn-ui/ui
ImHex,0.804,https://github.com/WerWolv/ImHex
pandoc,0.867,https://github.com/jgm/pandoc
alist,0.972,https://github.com/alist-org/alist
HEAD,0.802,https://github.com/joshbuchea/HEAD
vue-cli,0.832,https://github.com/vuejs/vue-cli
p3c,0.827,https://github.com/alibaba/p3c
stablediffusion,0.258,https://github.com/Stability-AI/stablediffusion
foundation-sites,0.994,https://github.com/foundation/foundation-sites
libpku,0.756,https://github.com/lib-pku/libpku
REKCARC-TSC-UHT,0.963,https://github.com/PKUanonym/REKCARC-TSC-UHT
rxjs,0.934,https://github.com/ReactiveX/rxjs
spring-boot-examples,0.952,https://github.com/ityouknow/spring-boot-examples
phantomjs,0.997,https://github.com/ariya/phantomjs
vimrc,0.992,https://github.com/amix/vimrc
dotfiles,0.640,https://github.com/mathiasbynens/dotfiles
Awesome-Design-Tools,0.781,https://github.com/goabstract/Awesome-Design-Tools
react-boilerplate,0.960,https://github.com/react-boilerplate/react-boilerplate
COVID-19,0.553,https://github.com/CSSEGISandData/COVID-19
es6features,0.632,https://github.com/lukehoban/es6features
English-level-up-tips,0.738,https://github.com/byoungd/English-level-up-tips
awesome-php,0.984,https://github.com/ziadoz/awesome-php
cli,0.826,https://github.com/httpie/cli
ccxt,0.913,https://github.com/ccxt/ccxt
NeteaseCloudMusicApi,0.903,https://github.com/Binaryify/NeteaseCloudMusicApi
appsmith,0.774,https://github.com/appsmithorg/appsmith
easyexcel,0.912,https://github.com/alibaba/easyexcel
project-guidelines,0.737,https://github.com/elsewhencode/project-guidelines
TrafficMonitor,0.404,https://github.com/zhongyang219/TrafficMonitor
lottie-web,0.756,https://github.com/airbnb/lottie-web
solid,0.944,https://github.com/solidjs/solid
html2canvas,0.654,https://github.com/niklasvh/html2canvas
Hover,0.783,https://github.com/IanLunn/Hover
run,0.863,https://github.com/The-Run-Philosophy-Organization/run
fd,0.886,https://github.com/sharkdp/fd
leakcanary,0.951,https://github.com/square/leakcanary
Files,0.951,https://github.com/files-community/Files
symfony,0.973,https://github.com/symfony/symfony
halo,0.891,https://github.com/halo-dev/halo
linux-insides,0.847,https://github.com/0xAX/linux-insides
Coursera-ML-AndrewNg-Notes,0.250,https://github.com/fengdu78/Coursera-ML-AndrewNg-Notes
500lines,0.565,https://github.com/aosabook/500lines
photoprism,0.798,https://github.com/photoprism/photoprism
trpc,0.906,https://github.com/trpc/trpc
standard,0.919,https://github.com/standard/standard
fastify,0.969,https://github.com/fastify/fastify
swc,0.896,https://github.com/swc-project/swc
sequelize,0.922,https://github.com/sequelize/sequelize
awesome-shell,0.385,https://github.com/alebcay/awesome-shell
yew,0.922,https://github.com/yewstack/yew
apollo,0.955,https://github.com/apolloconfig/apollo
vault,0.842,https://github.com/hashicorp/vault
programmer-job-blacklist,0.548,https://github.com/shengxinjing/programmer-job-blacklist
learnGitBranching,0.947,https://github.com/pcottle/learnGitBranching
todomvc,0.824,https://github.com/tastejs/todomvc
Python,0.342,https://github.com/geekcomputers/Python
vuex,0.928,https://github.com/vuejs/vuex
webtorrent,0.955,https://github.com/webtorrent/webtorrent
android_guides,0.578,https://github.com/codepath/android_guides
fiber,0.957,https://github.com/gofiber/fiber
DeepSpeed,0.649,https://github.com/microsoft/DeepSpeed
slick,0.667,https://github.com/kenwheeler/slick
backbone,0.985,https://github.com/jashkenas/backbone
swift-algorithm-club,0.858,https://github.com/kodecocodes/swift-algorithm-club
layui,0.998,https://github.com/layui/layui
sqlmap,0.989,https://github.com/sqlmapproject/sqlmap
slidev,0.938,https://github.com/slidevjs/slidev
async,0.994,https://github.com/caolan/async
openpose,0.866,https://github.com/CMU-Perceptual-Computing-Lab/openpose
clashX,,https://github.com/yichengchen/clashX
composer,0.982,https://github.com/composer/composer
swr,0.929,https://github.com/vercel/swr
modern-unix,0.162,https://github.com/ibraheemdev/modern-unix
slate,0.806,https://github.com/ianstormtaylor/slate
interactive-coding-challenges,0.477,https://github.com/donnemartin/interactive-coding-challenges
awesome-macos-command-line,,https://github.com/herrbischoff/awesome-macos-command-line
postcss,0.981,https://github.com/postcss/postcss
cockroach,0.900,https://github.com/cockroachdb/cockroach
JavaScript,0.966,https://github.com/TheAlgorithms/JavaScript
calculator,0.703,https://github.com/microsoft/calculator
selenium,0.981,https://github.com/SeleniumHQ/selenium
algo,0.904,https://github.com/trailofbits/algo
particles.js,0.260,https://github.com/VincentGarreau/particles.js
sway,0.760,https://github.com/FuelLabs/sway
lapce,0.573,https://github.com/lapce/lapce
vaultwarden,0.994,https://github.com/dani-garcia/vaultwarden
nacos,0.966,https://github.com/alibaba/nacos
Sortable,0.756,https://github.com/SortableJS/Sortable
ray,0.804,https://github.com/ray-project/ray
fairseq,0.754,https://github.com/facebookresearch/fairseq
zsh-autosuggestions,0.791,https://github.com/zsh-users/zsh-autosuggestions
uppy,0.936,https://github.com/transloadit/uppy
pytorch-tutorial,0.638,https://github.com/yunjey/pytorch-tutorial
drone,0.961,https://github.com/harness/drone
HowToLiveLonger,0.821,https://github.com/geekan/HowToLiveLonger
ChatGPT,0.986,https://github.com/acheong08/ChatGPT
druid,0.362,https://github.com/alibaba/druid
minikube,0.909,https://github.com/kubernetes/minikube
machine-learning-for-software-engineers,0.375,https://github.com/ZuzooVn/machine-learning-for-software-engineers
jsPDF,0.944,https://github.com/parallax/jsPDF
How-To-Ask-Questions-The-Smart-Way,0.750,https://github.com/ryanhanwu/How-To-Ask-Questions-The-Smart-Way
legacy-homebrew,1.000,https://github.com/Homebrew/legacy-homebrew
underscore,0.978,https://github.com/jashkenas/underscore
OpenAPI-Specification,0.727,https://github.com/OAI/OpenAPI-Specification
nps,0.609,https://github.com/ehang-io/nps
FastChat,0.671,https://github.com/lm-sys/FastChat
spaCy,0.986,https://github.com/explosion/spaCy
ClashForAndroid,0.846,https://github.com/Kr328/ClashForAndroid
JCSprout,0.663,https://github.com/crossoverJie/JCSprout
lighthouse,0.935,https://github.com/GoogleChrome/lighthouse
Daily-Interview-Question,0.534,https://github.com/Advanced-Frontend/Daily-Interview-Question
hutool,0.998,https://github.com/dromara/hutool
Charts,0.804,https://github.com/danielgindi/Charts
streamlit,0.820,https://github.com/streamlit/streamlit
lede,0.923,https://github.com/coolsnowwolf/lede
weui,0.929,https://github.com/Tencent/weui
awesome-python-cn,0.643,https://github.com/jobbole/awesome-python-cn
consul,0.791,https://github.com/hashicorp/consul
cheerio,0.981,https://github.com/cheeriojs/cheerio
AnotherRedisDesktopManager,0.784,https://github.com/qishibo/AnotherRedisDesktopManager
Faker,0.867,https://github.com/fzaninotto/Faker
mobx,0.986,https://github.com/mobxjs/mobx
python-guide,0.643,https://github.com/realpython/python-guide
AI-Expert-Roadmap,0.750,https://github.com/AMAI-GmbH/AI-Expert-Roadmap
hangzhou_house_knowledge,0.329,https://github.com/houshanren/hangzhou_house_knowledge
pytorch-image-models,0.922,https://github.com/huggingface/pytorch-image-models
stanford_alpaca,0.369,https://github.com/tatsu-lab/stanford_alpaca
canal,0.786,https://github.com/alibaba/canal
chatgpt-web,0.989,https://github.com/Chanzhaoyu/chatgpt-web
waifu2x,0.581,https://github.com/nagadomi/waifu2x
floating-ui,0.983,https://github.com/floating-ui/floating-ui
react-select,0.925,https://github.com/JedWatson/react-select
echo,0.962,https://github.com/labstack/echo
awesome-remote-job,0.872,https://github.com/lukasz-madon/awesome-remote-job
yapi,0.378,https://github.com/YMFE/yapi
poetry,0.893,https://github.com/python-poetry/poetry
portainer,0.938,https://github.com/portainer/portainer
ResumeSample,,https://github.com/geekcompany/ResumeSample
spring-cloud-alibaba,0.818,https://github.com/alibaba/spring-cloud-alibaba
react-spring,0.932,https://github.com/pmndrs/react-spring
vhr,0.380,https://github.com/lenve/vhr
gitflow,0.351,https://github.com/nvie/gitflow
angular-cli,0.982,https://github.com/angular/angular-cli
django-rest-framework,0.982,https://github.com/encode/django-rest-framework
linkedin-skill-assessments-quizzes,0.902,https://github.com/Ebazhanov/linkedin-skill-assessments-quizzes
rethinkdb,0.790,https://github.com/rethinkdb/rethinkdb
mattermost,0.919,https://github.com/mattermost/mattermost
nushell,0.787,https://github.com/nushell/nushell
etcher,0.838,https://github.com/balena-io/etcher
AgentGPT,0.760,https://github.com/reworkd/AgentGPT
awesome-docker,1.000,https://github.com/veggiemonk/awesome-docker
sharp,0.965,https://github.com/lovell/sharp
detectron2,0.898,https://github.com/facebookresearch/detectron2
bark,0.682,https://github.com/suno-ai/bark
codemirror5,0.905,https://github.com/codemirror/codemirror5
nginxconfig.io,0.795,https://github.com/digitalocean/nginxconfig.io
SpringAll,0.614,https://github.com/wuyouzhuguli/SpringAll
influxdb,0.865,https://github.com/influxdata/influxdb
css-protips,0.909,https://github.com/AllThingsSmitty/css-protips
30-Days-Of-Python,0.787,https://github.com/Asabeneh/30-Days-Of-Python
mongoose,0.975,https://github.com/Automattic/mongoose
folly,0.678,https://github.com/facebook/folly
reverse-interview,0.680,https://github.com/viraptor/reverse-interview
rocksdb,0.811,https://github.com/facebook/rocksdb
serenity,0.826,https://github.com/SerenityOS/serenity
ace,0.965,https://github.com/ajaxorg/ace
Detectron,0.669,https://github.com/facebookresearch/Detectron
jq,0.812,https://github.com/jqlang/jq
RSSHub,0.943,https://github.com/DIYgod/RSSHub
immer,0.948,https://github.com/immerjs/immer
Probabilistic-Programming-and-Bayesian-Methods-for-Hackers,0.366,https://github.com/CamDavidsonPilon/Probabilistic-Programming-and-Bayesian-Methods-for-Hackers
the-super-tiny-compiler,,https://github.com/jamiebuilds/the-super-tiny-compiler
gitbook,,https://github.com/GitbookIO/gitbook
fetch,1.000,https://github.com/JakeChampion/fetch
kafka,,https://github.com/apache/kafka
fabric.js,0.951,https://github.com/fabricjs/fabric.js
select2,0.983,https://github.com/select2/select2
bevy,0.659,https://github.com/bevyengine/bevy
pocketbase,0.956,https://github.com/pocketbase/pocketbase
request,0.961,https://github.com/request/request
butterknife,0.918,https://github.com/JakeWharton/butterknife
tqdm,0.620,https://github.com/tqdm/tqdm
awesome-compose,0.354,https://github.com/docker/awesome-compose
C-Plus-Plus,0.962,https://github.com/TheAlgorithms/C-Plus-Plus
nprogress,0.338,https://github.com/rstacruz/nprogress
data-science-ipython-notebooks,0.579,https://github.com/donnemartin/data-science-ipython-notebooks
Modernizr,0.887,https://github.com/Modernizr/Modernizr
os-tutorial,0.594,https://github.com/cfenollosa/os-tutorial
handson-ml2,0.598,https://github.com/ageron/handson-ml2
nodemon,0.996,https://github.com/remy/nodemon
remote-jobs,0.925,https://github.com/remoteintech/remote-jobs
fastjson,0.472,https://github.com/alibaba/fastjson
vagrant,0.934,https://github.com/hashicorp/vagrant
mmdetection,0.879,https://github.com/open-mmlab/mmdetection
kit,0.937,https://github.com/go-kit/kit
go-zero,0.771,https://github.com/zeromicro/go-zero
MetaGPT,0.361,https://github.com/geekan/MetaGPT
chinese-independent-developer,0.976,https://github.com/1c7/chinese-independent-developer
react-virtualized,0.627,https://github.com/bvaughn/react-virtualized
pnpm,0.655,https://github.com/pnpm/pnpm
ShareX,0.911,https://github.com/ShareX/ShareX
commander.js,0.980,https://github.com/tj/commander.js
JavaScript30,,https://github.com/wesbos/JavaScript30
the_silver_searcher,0.489,https://github.com/ggreer/the_silver_searcher
weekly,0.994,https://github.com/ascoders/weekly
python-fire,0.591,https://github.com/google/python-fire
NewPipe,0.854,https://github.com/TeamNewPipe/NewPipe
xxl-job,0.617,https://github.com/xuxueli/xxl-job
zig,0.737,https://github.com/ziglang/zig
hacker-laws,0.345,https://github.com/dwmkerr/hacker-laws
handson-ml,0.782,https://github.com/ageron/handson-ml
cmder,0.985,https://github.com/cmderdev/cmder
proxyee-down,,https://github.com/proxyee-down-org/proxyee-down
Clone-Wars,0.905,https://github.com/GorvGoyl/Clone-Wars
jsoncrack.com,0.807,https://github.com/AykutSarac/jsoncrack.com
fastText,0.572,https://github.com/facebookresearch/fastText
engineering-blogs,0.841,https://github.com/kilimchoi/engineering-blogs
dokku,0.992,https://github.com/dokku/dokku
zod,0.835,https://github.com/colinhacks/zod
YouCompleteMe,0.996,https://github.com/ycm-core/YouCompleteMe
toBeTopJavaer,0.563,https://github.com/hollischuang/toBeTopJavaer
helm,0.963,https://github.com/helm/helm
fonts,0.386,https://github.com/powerline/fonts
linux-command,0.630,https://github.com/jaywcjlove/linux-command
logseq,0.806,https://github.com/logseq/logseq
nylas-mail,0.714,https://github.com/nylas/nylas-mail
alpine,1.000,https://github.com/alpinejs/alpine
modern-js-cheatsheet,0.820,https://github.com/mbeaudru/modern-js-cheatsheet
docsify,0.824,https://github.com/docsifyjs/docsify
applied-ml,0.870,https://github.com/eugeneyan/applied-ml
xstate,0.908,https://github.com/statelyai/xstate
awesome-deep-learning-papers,0.423,https://github.com/terryum/awesome-deep-learning-papers
Ryujinx,0.769,https://github.com/Ryujinx/Ryujinx
ngx-admin,0.765,https://github.com/akveo/ngx-admin
YesPlayMusic,0.699,https://github.com/qier222/YesPlayMusic
SDWebImage,0.972,https://github.com/SDWebImage/SDWebImage
Complete-Python-3-Bootcamp,0.644,https://github.com/Pierian-Data/Complete-Python-3-Bootcamp
awesome-electron,1.000,https://github.com/sindresorhus/awesome-electron
jellyfin,0.860,https://github.com/jellyfin/jellyfin
darknet,0.235,https://github.com/pjreddie/darknet
lightning,0.899,https://github.com/Lightning-AI/lightning
xgboost,0.937,https://github.com/dmlc/xgboost
CheatSheetSeries,0.902,https://github.com/OWASP/CheatSheetSeries
remix,0.959,https://github.com/remix-run/remix
jax,0.727,https://github.com/google/jax
rufus,0.994,https://github.com/pbatard/rufus
helix,0.753,https://github.com/helix-editor/helix
fastai,0.905,https://github.com/fastai/fastai
EventBus,0.831,https://github.com/greenrobot/EventBus
Depix,,https://github.com/spipm/Depix
nanoGPT,0.338,https://github.com/karpathy/nanoGPT
numpy,0.829,https://github.com/numpy/numpy
ink,0.871,https://github.com/vadimdemedes/ink
swagger-ui,0.817,https://github.com/swagger-api/swagger-ui
lottie-ios,0.986,https://github.com/airbnb/lottie-ios
SmartRefreshLayout,0.803,https://github.com/scwang90/SmartRefreshLayout
daisyui,0.961,https://github.com/saadeghi/daisyui
k3s,0.978,https://github.com/k3s-io/k3s
Python-programming-exercises,0.153,https://github.com/zhiwehu/Python-programming-exercises
mongo,,https://github.com/mongodb/mongo
tools,0.940,https://github.com/rome/tools
iris,0.907,https://github.com/kataras/iris
tachiyomi,0.940,https://github.com/tachiyomiorg/tachiyomi
termux-app,0.871,https://github.com/termux/termux-app
plyr,0.597,https://github.com/sampotts/plyr
aos,0.533,https://github.com/michalsnik/aos
faiss,0.845,https://github.com/facebookresearch/faiss
eShopOnContainers,0.970,https://github.com/dotnet-architecture/eShopOnContainers
quasar,0.942,https://github.com/quasarframework/quasar
ItChat,0.708,https://github.com/littlecodersh/ItChat
seata,0.795,https://github.com/seata/seata
emscripten,0.830,https://github.com/emscripten-core/emscripten
OpenBBTerminal,0.893,https://github.com/OpenBB-finance/OpenBBTerminal
editor.js,0.635,https://github.com/codex-team/editor.js
pipenv,0.957,https://github.com/pypa/pipenv
novu,0.828,https://github.com/novuhq/novu
iview,0.801,https://github.com/iview/iview
Signal-Android,0.970,https://github.com/signalapp/Signal-Android
angular-styleguide,0.854,https://github.com/johnpapa/angular-styleguide
dnSpy,,https://github.com/dnSpy/dnSpy
react-native-elements,0.964,https://github.com/react-native-elements/react-native-elements
fe-interview,0.005,https://github.com/haizlin/fe-interview
viper,0.535,https://github.com/spf13/viper
netron,0.975,https://github.com/lutzroeder/netron
devtools,0.713,https://github.com/vuejs/devtools
discord.js,0.975,https://github.com/discordjs/discord.js
rollup,0.852,https://github.com/rollup/rollup
feather,0.391,https://github.com/feathericons/feather
GitHubDaily,0.495,https://github.com/GitHubDaily/GitHubDaily
professional-programming,0.947,https://github.com/charlax/professional-programming
Web,0.813,https://github.com/qianguyihao/Web
hosts,0.973,https://github.com/StevenBlack/hosts
redash,0.773,https://github.com/getredash/redash
90DaysOfDevOps,0.946,https://github.com/MichaelCade/90DaysOfDevOps
nsq,0.921,https://github.com/nsqio/nsq
BaseRecyclerViewAdapterHelper,0.898,https://github.com/CymChad/BaseRecyclerViewAdapterHelper
v2ray-core,0.946,https://github.com/v2fly/v2ray-core
taichi,0.722,https://github.com/taichi-dev/taichi
server,0.877,https://github.com/nextcloud/server
pkg,0.969,https://github.com/vercel/pkg
servo,0.720,https://github.com/servo/servo
go,0.939,https://github.com/datasciencemasters/go
hammer.js,0.734,https://github.com/hammerjs/hammer.js
react-three-fiber,0.985,https://github.com/pmndrs/react-three-fiber
mdb-ui-kit,0.997,https://github.com/mdbootstrap/mdb-ui-kit
components,0.875,https://github.com/angular/components
awesome-swift,0.985,https://github.com/matteocrippa/awesome-swift
Awesome,0.602,https://github.com/Awesome-Windows/Awesome
Vundle.vim,0.771,https://github.com/VundleVim/Vundle.vim
Hystrix,0.665,https://github.com/Netflix/Hystrix
RxSwift,0.983,https://github.com/ReactiveX/RxSwift
croc,0.716,https://github.com/schollz/croc
faas,0.963,https://github.com/openfaas/faas
v2rayNG,0.861,https://github.com/2dust/v2rayNG
iTerm2-Color-Schemes,0.820,https://github.com/mbadolato/iTerm2-Color-Schemes
glances,0.879,https://github.com/nicolargo/glances
mpv,0.906,https://github.com/mpv-player/mpv
flutter-go,,https://github.com/alibaba/flutter-go
Mask_RCNN,0.313,https://github.com/matterport/Mask_RCNN
coder2gwy,0.194,https://github.com/coder2gwy/coder2gwy
devise,0.967,https://github.com/heartcombo/devise
spleeter,0.749,https://github.com/deezer/spleeter
docz,0.913,https://github.com/doczjs/docz
gitlabhq,,https://github.com/gitlabhq/gitlabhq
eslint,0.989,https://github.com/eslint/eslint
apollo,0.855,https://github.com/ApolloAuto/apollo
MonitorControl,0.927,https://github.com/MonitorControl/MonitorControl
coc.nvim,0.993,https://github.com/neoclide/coc.nvim
mediapipe,0.957,https://github.com/google/mediapipe
ramda,0.917,https://github.com/ramda/ramda
logrus,0.994,https://github.com/sirupsen/logrus
ngrok,0.731,https://github.com/inconshreveable/ngrok
spacemacs,0.966,https://github.com/syl20bnr/spacemacs
ControlNet,0.260,https://github.com/lllyasviel/ControlNet
Summer2024-Internships,0.992,https://github.com/SimplifyJobs/Summer2024-Internships
expo,0.971,https://github.com/expo/expo
PhotoSwipe,0.663,https://github.com/dimsemenov/PhotoSwipe
leetcode,1.000,https://github.com/doocs/leetcode
vapor,0.936,https://github.com/vapor/vapor
Wox,0.701,https://github.com/Wox-launcher/Wox
awesome-sysadmin,0.265,https://github.com/kahun/awesome-sysadmin
pure,0.993,https://github.com/pure-css/pure
cascadia-code,0.793,https://github.com/microsoft/cascadia-code
aseprite,0.590,https://github.com/aseprite/aseprite
idiomatic.js,0.585,https://github.com/rwaldron/idiomatic.js
backstage,0.911,https://github.com/backstage/backstage
stb,0.869,https://github.com/nothings/stb
streisand,0.815,https://github.com/StreisandEffect/streisand
awesome-vscode,0.543,https://github.com/viatsko/awesome-vscode
directus,0.966,https://github.com/directus/directus
architecture-components-samples,0.782,https://github.com/android/architecture-components-samples
python-telegram-bot,0.992,https://github.com/python-telegram-bot/python-telegram-bot
penpot,0.774,https://github.com/penpot/penpot
CodeHub,0.634,https://github.com/CodeHubApp/CodeHub
react-redux,0.985,https://github.com/reduxjs/react-redux
text-generation-webui,0.817,https://github.com/oobabooga/text-generation-webui
DeepSpeech,0.946,https://github.com/mozilla/DeepSpeech
cal.com,0.881,https://github.com/calcom/cal.com
algorithms,0.641,https://github.com/keon/algorithms
autocomplete,0.738,https://github.com/withfig/autocomplete
NativeScript,0.861,https://github.com/NativeScript/NativeScript
awesome-piracy,0.997,https://github.com/Igglybuff/awesome-piracy
openzeppelin-contracts,0.916,https://github.com/OpenZeppelin/openzeppelin-contracts
core-js,0.962,https://github.com/zloirock/core-js
docker_practice,0.980,https://github.com/yeasy/docker_practice
freqtrade,0.991,https://github.com/freqtrade/freqtrade
react-admin,0.983,https://github.com/marmelab/react-admin
localForage,0.707,https://github.com/localForage/localForage
go-patterns,0.433,https://github.com/tmrts/go-patterns
whisper.cpp,0.528,https://github.com/ggerganov/whisper.cpp
react-navigation,0.929,https://github.com/react-navigation/react-navigation
copilot-docs,,https://github.com/github/copilot-docs
mostly-adequate-guide,0.738,https://github.com/MostlyAdequate/mostly-adequate-guide
turbo,0.679,https://github.com/vercel/turbo
milvus,0.927,https://github.com/milvus-io/milvus
envoy,0.857,https://github.com/envoyproxy/envoy
guzzle,0.992,https://github.com/guzzle/guzzle
Real-ESRGAN,0.257,https://github.com/xinntao/Real-ESRGAN
sails,0.921,https://github.com/balderdashy/sails
exa,0.678,https://github.com/ogham/exa
micro,0.650,https://github.com/zyedidia/micro
setup-ipsec-vpn,1.000,https://github.com/hwdsl2/setup-ipsec-vpn
openssl,0.771,https://github.com/openssl/openssl
Telegram,,https://github.com/DrKLO/Telegram
awesome-actions,0.641,https://github.com/sdras/awesome-actions
srs,0.896,https://github.com/ossrs/srs
RevokeMsgPatcher,0.919,https://github.com/huiyadanli/RevokeMsgPatcher
hub,0.882,https://github.com/mislav/hub
tdesktop,0.939,https://github.com/telegramdesktop/tdesktop
octotree,0.950,https://github.com/ovity/octotree
trilium,0.712,https://github.com/zadam/trilium
draft-js,0.551,https://github.com/facebookarchive/draft-js
redux-saga,0.985,https://github.com/redux-saga/redux-saga
30-Days-Of-React,0.234,https://github.com/Asabeneh/30-Days-Of-React
firecracker,0.923,https://github.com/firecracker-microvm/firecracker
blog,0.333,https://github.com/fouber/blog
ember.js,0.960,https://github.com/emberjs/ember.js
Data-Science-For-Beginners,0.843,https://github.com/microsoft/Data-Science-For-Beginners
CyberChef,0.644,https://github.com/gchq/CyberChef
gson,0.814,https://github.com/google/gson
table,0.943,https://github.com/TanStack/table
ML-From-Scratch,0.544,https://github.com/eriklindernoren/ML-From-Scratch
flv.js,0.427,https://github.com/bilibili/flv.js
skywalking,0.991,https://github.com/apache/skywalking
MiniGPT-4,0.271,https://github.com/Vision-CAIR/MiniGPT-4
homebridge,0.992,https://github.com/homebridge/homebridge
quivr,0.767,https://github.com/StanGirard/quivr
sweetalert,0.774,https://github.com/t4t5/sweetalert
react-redux-links,0.579,https://github.com/markerikson/react-redux-links
ipfs,0.977,https://github.com/ipfs/ipfs
wepy,0.837,https://github.com/Tencent/wepy
RedisDesktopManager,0.990,https://github.com/RedisInsight/RedisDesktopManager
fish-shell,0.935,https://github.com/fish-shell/fish-shell
wttr.in,0.551,https://github.com/chubin/wttr.in
mocha,0.908,https://github.com/mochajs/mocha
intro.js,0.944,https://github.com/usablica/intro.js
tuning_playbook,0.303,https://github.com/google-research/tuning_playbook
surrealdb,0.673,https://github.com/surrealdb/surrealdb
algo,0.177,https://github.com/wangzheng0822/algo
Rectangle,0.831,https://github.com/rxhanson/Rectangle
github1s,0.728,https://github.com/conwnet/github1s
celery,0.884,https://github.com/celery/celery
SwiftyJSON,0.841,https://github.com/SwiftyJSON/SwiftyJSON
k9s,0.714,https://github.com/derailed/k9s
javascript-testing-best-practices,0.242,https://github.com/goldbergyoni/javascript-testing-best-practices
react-starter-kit,0.997,https://github.com/kriasoft/react-starter-kit
libuv,0.929,https://github.com/libuv/libuv
locust,0.990,https://github.com/locustio/locust
howler.js,0.769,https://github.com/goldfire/howler.js
headlessui,0.995,https://github.com/tailwindlabs/headlessui
elixir,0.995,https://github.com/elixir-lang/elixir
pumpkin-book,0.768,https://github.com/datawhalechina/pumpkin-book
flow,0.782,https://github.com/facebook/flow
AFFiNE,0.860,https://github.com/toeverything/AFFiNE
awesome-falsehood,0.929,https://github.com/kdeldycke/awesome-falsehood
highlight.js,0.958,https://github.com/highlightjs/highlight.js
jumpserver,0.954,https://github.com/jumpserver/jumpserver
lux,0.529,https://github.com/iawia002/lux
tokio,0.871,https://github.com/tokio-rs/tokio
chosen,0.895,https://github.com/harvesthq/chosen
polymer,0.988,https://github.com/Polymer/polymer
notable,0.569,https://github.com/notable/notable
react-bootstrap,0.965,https://github.com/react-bootstrap/react-bootstrap
windows95,0.457,https://github.com/felixrieseberg/windows95
flink,,https://github.com/apache/flink
libgdx,0.940,https://github.com/libgdx/libgdx
NLP-progress,0.650,https://github.com/sebastianruder/NLP-progress
vant,0.996,https://github.com/youzan/vant
vuepress,0.740,https://github.com/vuejs/vuepress
dapr,0.883,https://github.com/dapr/dapr
qBittorrent,0.803,https://github.com/qbittorrent/qBittorrent
electron-react-boilerplate,0.958,https://github.com/electron-react-boilerplate/electron-react-boilerplate
vegeta,0.869,https://github.com/tsenart/vegeta
awesome-datascience,1.000,https://github.com/academic/awesome-datascience
iosched,0.773,https://github.com/google/iosched
wiki,0.976,https://github.com/requarks/wiki
passport,0.557,https://github.com/jaredhanson/passport
WaveFunctionCollapse,0.939,https://github.com/mxgmn/WaveFunctionCollapse
JARVIS,0.600,https://github.com/microsoft/JARVIS
pytudes,0.514,https://github.com/norvig/pytudes
api-guidelines,0.484,https://github.com/microsoft/api-guidelines
scrollreveal,0.942,https://github.com/jlmakes/scrollreveal
homemade-machine-learning,0.560,https://github.com/trekhleb/homemade-machine-learning
dracula-theme,0.994,https://github.com/dracula/dracula-theme
redisson,0.940,https://github.com/redisson/redisson
awesome-cto,1.000,https://github.com/kuchin/awesome-cto
TDengine,0.735,https://github.com/taosdata/TDengine
validator.js,0.849,https://github.com/validatorjs/validator.js
vnpy,0.988,https://github.com/vnpy/vnpy
bitcoinbook,0.805,https://github.com/bitcoinbook/bitcoinbook
refined-github,0.967,https://github.com/refined-github/refined-github
spacedrive,0.801,https://github.com/spacedriveapp/spacedrive
v8,,https://github.com/v8/v8
dragula,0.793,https://github.com/bevacqua/dragula
docker-cheat-sheet,0.815,https://github.com/wsargent/docker-cheat-sheet
gfwlist,0.813,https://github.com/gfwlist/gfwlist
flameshot,0.789,https://github.com/flameshot-org/flameshot
modern-cpp-tutorial,0.932,https://github.com/changkun/modern-cpp-tutorial
gradio,0.853,https://github.com/gradio-app/gradio
Kingfisher,0.914,https://github.com/onevcat/Kingfisher
nanoid,0.968,https://github.com/ai/nanoid
masscan,0.331,https://github.com/robertdavidgraham/masscan
react-motion,0.626,https://github.com/chenglou/react-motion
Hero,0.942,https://github.com/HeroTransitions/Hero
llvm-project,0.698,https://github.com/llvm/llvm-project
rancher,0.921,https://github.com/rancher/rancher
awesome-deep-learning,0.700,https://github.com/ChristosChristofidis/awesome-deep-learning
vscodium,0.909,https://github.com/VSCodium/vscodium
