nome,idade,estrelas,releases,LCOM,LOC,CBO,DIT
lgvalle/android-flux-todo-app,2962.0,1294.0,0.0,,,,
ganfra/MaterialSpinner,3077.0,950.0,4.0,,,,
kakajika/SwipeAwayDialog,2937.0,826.0,0.0,,,,
tyrantgit/HeartLayout,2952.0,751.0,0.0,,,,
oxoooo/mr-mantou-android,2902.0,729.0,2.0,,,,
lingochamp/ShareLoginLib,3029.0,702.0,0.0,,,,
ccj659/PopsTabView,2266.0,666.0,4.0,,,,
JeasonWong/ElemeShoppingView,2617.0,661.0,0.0,,,,
nuptboyzhb/AndroidPluginFramework,2815.0,640.0,0.0,,,,
liuguangqiang/Idaily,3017.0,569.0,0.0,,,,
lexburner/zuul-gateway-demo,2354.0,546.0,0.0,,,,
gotokatsuya/BlurredGridMenu,3021.0,494.0,0.0,,,,
ppamorim/Cult,3027.0,483.0,2.0,,,,
Diffey/RxZhihuPager,2763.0,482.0,0.0,,,,
JakeWharton/salvage,3841.0,467.0,0.0,,,,
Dawish/MDPlayer,2660.0,466.0,0.0,,,,
janishar/android-dagger2-example,2452.0,454.0,0.0,,,,
limedroid/XRichText,2504.0,453.0,1.0,,,,
Splitter/android_packages_apps_apolloMod,3836.0,452.0,0.0,,,,
throrin19/Android-Validator,4094.0,450.0,0.0,,,,
apache/servicecomb-toolkit,1543.0,441.0,1.0,,,,
andraskindler/parallaxviewpager,3413.0,437.0,0.0,,,,
yesidlazaro/BadgedImageview,2851.0,435.0,0.0,,,,
CoolThink/StatusBarAdapt,2850.0,431.0,0.0,,,,
MaksTuev/ferro,2627.0,430.0,7.0,,,,
zzz40500/HeadsUp,3149.0,426.0,1.0,,,,
wuman/android-oauth-client,3728.0,425.0,0.0,,,,
wenhuaijun/EasyTagDragView,2663.0,425.0,0.0,,,,
7heaven/bitmapMesh,3156.0,424.0,0.0,,,,
ryanlijianchang/Recyclerview-Gallery,2100.0,423.0,13.0,,,,
yahoo/storm-yarn,3825.0,418.0,0.0,,,,
spring-attic/spring-security-saml,4262.0,416.0,11.0,,,,
Kyson/WhorlView,2955.0,409.0,0.0,,,,
cyndibaby905/TwitterCover-Android,3034.0,404.0,0.0,,,,
mixare/mixare,4787.0,399.0,0.0,,,,
KKys/ZhiHuSpider,2734.0,394.0,0.0,,,,
kyze8439690/ResideLayout,3301.0,392.0,0.0,,,,
icnws/spring-data-jpa-demo,2269.0,390.0,0.0,,,,
blundell/QuickSand,3054.0,385.0,2.0,,,,
nenick/android-gradle-template,3452.0,378.0,0.0,,,,
ManuelPeinado/QuickReturnHeader,3753.0,378.0,0.0,,,,
oktayayr/advancedtextview,2670.0,378.0,0.0,,,,
guojunyi/PullDownListView,3217.0,377.0,0.0,,,,
XiaoMi/LuckyMoneyTool,2952.0,374.0,0.0,,,,
lkv1988/Trigger,3085.0,374.0,0.0,,,,
chiuki/android-graphics-demo,3241.0,368.0,1.0,,,,
XuDaojie/QRCode-Android,2571.0,366.0,0.0,,,,
gitgrimbo/android-sliding-menu-demo,4275.0,364.0,0.0,,,,
freezy/android-xbmcremote,4438.0,364.0,0.0,,,,
naman14/WashingMachineView,2936.0,362.0,1.0,,,,
richardradics/MVPAndroidBootstrap,3043.0,361.0,0.0,,,,
reneweb/react-native-tensorflow,2182.0,357.0,0.0,,,,
CGmaybe10/FocusSurfaceView,2470.0,354.0,1.0,,,,
takeseem/diamond,3519.0,353.0,0.0,,,,
imuhao/RxPicker,2335.0,350.0,0.0,,,,
ustwo/clockwise,3169.0,345.0,0.0,,,,
bugtags/Bugtags-Android,2961.0,344.0,29.0,,,,
lewismcgeary/AndroidtoAppleVectorLogo,2919.0,343.0,1.0,,,,
MichaelEvans/Aftermath,2978.0,343.0,1.0,,,,
je-ge/spring-boot,2482.0,338.0,0.0,,,,
yeungeek/monkey-android,2709.0,337.0,1.0,,,,
antonkrasov/AndroidProgressLayout,3229.0,334.0,0.0,,,,
GadgetCheck/TinderView,2873.0,328.0,0.0,,,,
amazon-archives/amazon-kinesis-connectors,3577.0,328.0,3.0,,,,
hitherejoe/Constraints,2671.0,326.0,0.0,,,,
marcelpinto/RxFlux,2894.0,326.0,2.0,,,,
vladexologija/PinterestListView,3948.0,324.0,0.0,,,,
antoniolg/DaggerExample,3379.0,323.0,0.0,,,,
sdaschner/jaxrs-analyzer,3118.0,320.0,6.0,,,,
johnkil/SideNavigation,4101.0,319.0,2.0,,,,
slidenerd/materialtest,3105.0,314.0,0.0,,,,
promeG/XLog,3106.0,313.0,2.0,,,,
easemob/sdkdemoapp3.0_android,2943.0,313.0,0.0,,,,
bpncool/SectionedExpandableGridRecyclerView,2757.0,313.0,0.0,,,,
matthewrkula/AnimatedPathView,3511.0,313.0,0.0,,,,
ongakuer/ViewPagerHeaderScrollDemo,3197.0,311.0,0.0,,,,
react-native-component/react-native-smart-barcode,2617.0,310.0,0.0,,,,
kmshack/Android-TopScrollHelper,2897.0,309.0,0.0,,,,
dreamlivemeng/UpMarqueeTextView-master,2609.0,309.0,0.0,,,,
yuweiguocn/SquareLoading,2486.0,308.0,3.0,,,,
thebusby/iota,3966.0,308.0,0.0,,,,
brucetoo/ListVideoPlay,2517.0,307.0,0.0,,,,
rjsvieira/floatingMenu,2321.0,304.0,4.0,,,,
chxfantasy/spring-cloud-demo,2094.0,304.0,0.0,,,,
AndroidDeveloperLB/ChipsLibrary,3444.0,301.0,0.0,,,,
baoyongzhang/ParcelableGenerator,3385.0,301.0,1.0,,,,
SpikeKing/TestAppBar,2863.0,299.0,0.0,,,,
androidthings/doorbell,2463.0,298.0,0.0,,,,
jjoe64/GraphView-Demos,4451.0,297.0,0.0,,,,
klinker-apps/Android-SlidingEmojiKeyboard,2651.0,295.0,0.0,,,,
DevinShine/easyloadingbtn,3088.0,295.0,0.0,,,,
chenpengfei88/StickyItemDecoration,2064.0,294.0,0.0,,,,
AlexKolpa/fab-toolbar,3072.0,292.0,0.0,,,,
resty-gwt/resty-gwt,5077.0,292.0,0.0,,,,
ganhuo/Android-Ganhuo,3062.0,291.0,0.0,,,,
yaozs/YzsBaseActivity,2449.0,290.0,14.0,,,,
christmasjason/StickyHeaderView,2642.0,288.0,0.0,,,,
cjiahuan/TrimmerVideoView,2160.0,287.0,5.0,,,,
CrackgmKey/lingJuan,2184.0,287.0,0.0,,,,
Hankkin/TaoBaoDetailDemo,2554.0,286.0,0.0,,,,
TheoKanning/openai-java,1091.0,3645.0,17.0,,,,
Atmosphere/atmosphere,4821.0,3645.0,0.0,,,,
lisawray/groupie,2566.0,3583.0,28.0,,,,
lsjwzh/RecyclerViewPager,3159.0,3537.0,10.0,,,,
apache/kylin,3173.0,3519.0,0.0,,,,
ByteLegend/ByteLegend,952.0,3511.0,0.0,,,,
codeestX/GeekNews,2591.0,3492.0,0.0,,,,
xcc3641/SeeWeather,2760.0,3459.0,2.0,,,,
tronprotocol/java-tron,2085.0,3450.0,73.0,,,,
huburt-Hu/NewbieGuide,2236.0,3388.0,20.0,,,,
JCTools/JCTools,3592.0,3345.0,16.0,,,,
iammert/ScalingLayout,2171.0,3330.0,4.0,,,,
actorapp/actor-platform,3005.0,3303.0,97.0,,,,
jtablesaw/tablesaw,2810.0,3301.0,79.0,,,,
Snailclimb/guide-rpc-framework,1219.0,3289.0,0.0,,,,
UnevenSoftware/LeafPic,2804.0,3251.0,7.0,,,,
Red5/red5-server,3583.0,3228.0,77.0,,,,
bluelinelabs/LoganSquare,3128.0,3220.0,0.0,,,,
201206030/novel-plus,1227.0,3209.0,21.0,,,,
zzz40500/GsonFormat,3237.0,3168.0,4.0,,,,
amulyakhare/TextDrawable,3249.0,3166.0,0.0,,,,
chrisbanes/ActionBar-PullToRefresh,3751.0,3164.0,0.0,,,,
java8/Java8InAction,3605.0,3161.0,0.0,,,,
apache/linkis,1511.0,3131.0,30.0,,,,
requery/requery,2859.0,3127.0,43.0,,,,
hitherejoe/animate,2856.0,3117.0,0.0,,,,
cSploit/android,3264.0,3099.0,33.0,,,,
AxonFramework/AxonFramework,4301.0,3098.0,116.0,,,,
zaaach/CityPicker,2753.0,3096.0,2.0,,,,
Marswin/MarsDaemon,2817.0,3094.0,0.0,,,,
florent37/ShapeOfView,2031.0,3081.0,0.0,,,,
mmin18/RealtimeBlurView,2546.0,3049.0,0.0,,,,
sofastack/sofa-jarslink,2047.0,3043.0,2.0,,,,
KeepSafe/dexcount-gradle-plugin,3021.0,3035.0,21.0,,,,
tchiotludo/akhq,1828.0,2999.0,39.0,,,,
bmelnychuk/AndroidTreeView,3134.0,2954.0,0.0,,,,
brianway/springmvc-mybatis-learning,2741.0,2911.0,0.0,,,,
janishar/android-mvvm-architecture,2257.0,2898.0,0.0,,,,
elvishew/xLog,2825.0,2892.0,16.0,,,,
ngbdf/redis-manager,1942.0,2888.0,13.0,,,,
YahooArchive/anthelion,2877.0,2846.0,0.0,,,,
jiangqqlmj/FastDev4Android,2881.0,2839.0,4.0,,,,
Teevity/ice,3741.0,2830.0,3.0,,,,
OCNYang/Android-Animation-Set,1998.0,2828.0,0.0,,,,
FinalTeam/RxGalleryFinal,2698.0,2822.0,1.0,,,,
JoanZapata/android-pdfview,3946.0,2817.0,0.0,,,,
JulienGenoud/android-percent-support-lib-sample,2999.0,2795.0,2.0,,,,
williamfiset/DEPRECATED-data-structures,2640.0,2779.0,0.0,,,,
qunarcorp/qmq,1739.0,2743.0,12.0,,,,
TangoAgency/material-intro-screen,2555.0,2725.0,4.0,,,,
saulmm/CoordinatorBehaviorExample,2948.0,2717.0,0.0,,,,
north2016/T-MVP,2681.0,2715.0,0.0,,,,
ldoublem/LoadingView,2638.0,2708.0,0.0,,,,
torakiki/pdfsam,3639.0,2705.0,55.0,,,,
JsonChao/Awesome-WanAndroid,2012.0,2699.0,8.0,,,,
florent37/ViewAnimator,2820.0,2696.0,3.0,,,,
gcacace/android-signaturepad,3462.0,2692.0,0.0,,,,
JohnPersano/SuperToasts,3752.0,2685.0,5.0,,,,
sannies/mp4parser,3648.0,2684.0,13.0,,,,
deano2390/MaterialShowcaseView,2959.0,2680.0,15.0,,,,
nisrulz/sensey,2860.0,2670.0,13.0,,,,
ata4/disunity,3704.0,2668.0,15.0,,,,
apache/nutch,5226.0,2653.0,0.0,,,,
andpor/react-native-sqlite-storage,2873.0,2635.0,30.0,,,,
qii/weiciyuan,4064.0,2630.0,0.0,,,,
OpenHFT/Chronicle-Map,3342.0,2611.0,89.0,,,,
bm-x/PhotoView,2953.0,2605.0,0.0,,,,
SimonVT/android-menudrawer,4027.0,2604.0,0.0,,,,
esoxjem/MovieGuide,2836.0,2602.0,0.0,,,,
cyrilmottier/GreenDroid,4874.0,2588.0,0.0,,,,
federicoiosue/Omni-Notes,3561.0,2587.0,46.0,,,,
LuckyJayce/ViewPagerIndicator,3257.0,2587.0,16.0,,,,
oracle/visualvm,2555.0,2564.0,21.0,,,,
pushtorefresh/storio,3299.0,2557.0,30.0,,,,
vdurmont/emoji-java,3277.0,2553.0,19.0,,,,
katzer/cordova-plugin-local-notifications,3684.0,2549.0,0.0,,,,
openid/AppAuth-Android,2761.0,2543.0,0.0,,,,
SufficientlySecure/html-textview,3661.0,2531.0,0.0,,,,
pwittchen/ReactiveNetwork,2954.0,2529.0,47.0,,,,
elye/loaderviewlibrary,2572.0,2516.0,0.0,,,,
nutzam/nutz,4476.0,2502.0,23.0,,,,
romainguy/ViewServer,4449.0,2500.0,0.0,,,,
nico2sh/materialish-progress,3222.0,2489.0,0.0,,,,
ukanth/afwall,3971.0,2472.0,51.0,,,,
githubwing/ZoomHeader,2470.0,2469.0,0.0,,,,
daimajia/AnimationEasingFunctions,3361.0,2466.0,1.0,,,,
BaronZ88/MinimalistWeather,2713.0,2432.0,0.0,,,,
eclipsesource/J2V8,3326.0,2427.0,0.0,,,,
mqzhangw/JIMU,2212.0,2424.0,4.0,,,,
jishenghua/jshERP,2547.0,2419.0,5.0,,,,
Netflix/archaius,4141.0,2419.0,56.0,,,,
nex3z/FlowLayout,2442.0,2417.0,11.0,,,,
path/android-priority-jobqueue,3807.0,2415.0,0.0,,,,
caoxinyu/RedisClient,3408.0,2405.0,4.0,,,,
grishka/Houseclub,933.0,2385.0,10.0,,,,
xmuSistone/CardSlidePanel,2843.0,2384.0,0.0,,,,
android-cjj/JJSearchViewAnim,2717.0,2371.0,0.0,,,,
googlemaps-samples/android-samples,3064.0,2355.0,12.0,,,,
HuanCheng65/TiebaLite,1254.0,2351.0,2.0,,,,
gongwen/MarqueeViewLibrary,2456.0,2330.0,0.0,,,,
yassirh/digitalocean-swimmer,3570.0,222.0,4.0,,,,
T-chuangxin/VideoMergeDemo,2272.0,222.0,0.0,,,,
ForgetSky/WanAndroid,1692.0,222.0,3.0,,,,
stormpath/stormpath-sdk-java,4178.0,221.0,0.0,,,,
silvestrpredko/DotProgressBarExample,2950.0,221.0,0.0,,,,
michaelbel/BottomSheet,2546.0,221.0,0.0,,,,
tvbarthel/CameraColorPicker,3124.0,219.0,5.0,,,,
mikedg1/winky,3784.0,217.0,0.0,,,,
Fruzenshtein/spr-mvc-hib,3796.0,217.0,0.0,,,,
nathanmarz/dfs-datastores,4548.0,216.0,0.0,,,,
WuXiaolong/DesignSupportLibrarySample,3011.0,216.0,0.0,,,,
alighters/CubeGrid,2775.0,216.0,19.0,,,,
jaydeepw/android-utils,3145.0,216.0,0.0,,,,
spring-attic/aws-maven,4302.0,215.0,0.0,,,,
1139618418/WaveView,2475.0,215.0,0.0,,,,
geekyijun/seckill,2652.0,215.0,0.0,,,,
bmeike/ProgrammingAndroidExamples,4528.0,214.0,0.0,,,,
christian-posta/envoy-microservices-patterns,2300.0,214.0,0.0,,,,
grpc-ecosystem/java-grpc-prometheus,2661.0,214.0,6.0,,,,
guiguegon/SineView,2678.0,213.0,0.0,,,,
nuptboyzhb/AndroidInstantRun,2629.0,213.0,0.0,,,,
dlukashev/AndroidSlidingUpPanel-foursquare-map-demo,3402.0,213.0,0.0,,,,
benniaobuguai/android-dynamic-action,2674.0,212.0,2.0,,,,
kercer/kerkee_android,2925.0,211.0,0.0,,,,
williambout/react-native-proximity,2688.0,211.0,2.0,,,,
dengshiwei/CalendarComponent,2599.0,211.0,1.0,,,,
bowyer-app/fab-toolbar,2980.0,210.0,0.0,,,,
ChenTianSaber/SlideBack,1849.0,210.0,5.0,,,,
nicolasjafelle/ExpandableView,3029.0,209.0,1.0,,,,
crosswalk-project/crosswalk-cordova-android,3665.0,209.0,0.0,,,,
Mastercard-Gateway/ink-android,3269.0,209.0,0.0,,,,
ShinChven/MigrateToGradle,3286.0,208.0,0.0,,,,
wurstmeister/storm-kafka-0.8-plus,3777.0,208.0,0.0,,,,
Cricin/Folivora,1689.0,208.0,0.0,,,,
reactnativecomponent/react-native-netease-im,2292.0,208.0,5.0,,,,
GleasonK/AndroidRTC,2972.0,208.0,0.0,,,,
chentao0707/SettingView,3324.0,207.0,0.0,,,,
ogaclejapan/RxBinding,3189.0,207.0,0.0,,,,
stephanenicolas/loglifecycle,3310.0,206.0,0.0,,,,
lynfogeek/CollapsingHeader,3122.0,205.0,0.0,,,,
sungerk/DropDownLayout,2704.0,204.0,0.0,,,,
Netflix/staash,3597.0,204.0,0.0,,,,
lupidan/PopoverView,4100.0,204.0,0.0,,,,
flavienlaurent/singleinputform,3415.0,204.0,0.0,,,,
rdio/rdio-simple,4414.0,204.0,0.0,,,,
yammer/tenacity,3567.0,204.0,5.0,,,,
ijarobot/Android-Chat-Widget,3201.0,204.0,0.0,,,,
XiqingLiu/JesStatistics,2189.0,203.0,0.0,,,,
jayrambhia/Tooltip,2685.0,203.0,0.0,,,,
william-tran/microservice-security,2924.0,203.0,0.0,,,,
eleme/Intimate,2078.0,202.0,0.0,,,,
spinscale/elasticsearch-suggest-plugin,4323.0,202.0,0.0,,,,
QSFT/Doradus,3429.0,202.0,2.0,,,,
elastic/elasticsearch-river-twitter,4298.0,202.0,0.0,,,,
fluent/fluent-logger-java,4355.0,202.0,0.0,,,,
StanKocken/SVG2Drawable,3181.0,202.0,0.0,,,,
uin3566/DragFooterView,2506.0,201.0,3.0,,,,
ajsutton/disruptorWizard,4454.0,201.0,0.0,,,,
RIPE-NCC/hadoop-pcap,4362.0,201.0,0.0,,,,
GIVEWAYTO/TagImageView,1854.0,200.0,0.0,,,,
webianks/ScrollChoice,2427.0,200.0,0.0,,,,
onlyloveyd/LazyOrgView,1858.0,200.0,3.0,,,,
xiprox/MarkView,3045.0,200.0,2.0,,,,
hanhailong/sina-popmenu,2763.0,200.0,0.0,,,,
cmazxiaoma/taobao,2320.0,200.0,0.0,,,,
hitherejoe/Notifi,2728.0,199.0,0.0,,,,
tomdz/storm-esper,4365.0,199.0,0.0,,,,
fozziethebeat/S-Space,4421.0,198.0,0.0,,,,
xiancloud/xian,2026.0,197.0,9.0,,,,
jsonfry/uk.co.jasonfry.android.tools,4772.0,197.0,0.0,,,,
ralfgehrer/AndroidCameraUtil,3560.0,197.0,0.0,,,,
zzzlw/autovideoplayer,2562.0,197.0,0.0,,,,
xpg/GizwitsBLE,3338.0,196.0,0.0,,,,
shmilyah/spring-cloud-components,1934.0,196.0,0.0,,,,
Stratio/deep-spark,3492.0,196.0,0.0,,,,
chenjishi/SlideActivity,3465.0,196.0,0.0,,,,
lijunyandev/MeetMusic,2340.0,196.0,0.0,,,,
jamesluozhiwei/springboot-wechat-security,1523.0,196.0,0.0,,,,
tosslife/PullLoadView,2978.0,195.0,0.0,,,,
ruby-concurrency/thread_safe,3384.0,195.0,1.0,,,,
threerings/playn,4406.0,195.0,0.0,,,,
lidong1665/AndroidPDF,2448.0,195.0,1.0,,,,
segunfamisa/bottom-navigation-demo,2514.0,195.0,0.0,,,,
fg2q1q3q/DropDownMenu,2727.0,195.0,1.0,,,,
GcsSloop/Gank,2719.0,195.0,1.0,,,,
Pedroafa/avatar-android,3494.0,194.0,0.0,,,,
zhaozeyx/ImageEditor-android,3433.0,194.0,0.0,,,,
JasonMortonNZ/bootstrap3-phpstorm-plugin,3503.0,193.0,0.0,,,,
geminiwen/AndroidCubeDemo,2905.0,193.0,0.0,,,,
guohuanwen/AndroidLoadingAnimation,2931.0,193.0,0.0,,,,
plison/opendial,3096.0,193.0,5.0,,,,
jsvazic/GAHelloWorld,4612.0,193.0,0.0,,,,
617076674/LeetCode,1836.0,192.0,0.0,,,,
yongjhih/RetroFacebook,3021.0,192.0,1.0,,,,
aosp-mirror/platform_packages_apps_browser,5438.0,192.0,0.0,,,,
androidthings/sample-simplepio,2463.0,191.0,0.0,,,,
msahakyan/nested-recycler-view,2857.0,191.0,0.0,,,,
edwardcapriolo/filecrush,4303.0,191.0,2.0,,,,
amaurycrickx/recognito,3504.0,191.0,0.0,,,,
Sentaroh/SMBSync2,1997.0,191.0,19.0,,,,
googlesamples/io2014-codelabs,3376.0,177.0,0.0,,,,
liangfeidotme/AndroidGlitterView,2988.0,177.0,0.0,,,,
codepath/dagger2-example,2856.0,176.0,0.0,,,,
cesarferreira/RxPaper,2849.0,176.0,0.0,,,,
jaychang0917/SocialLoginManager,2500.0,176.0,0.0,,,,
PDF417/pdf417-android,3752.0,176.0,12.0,,,,
linheimx/LChart,2493.0,176.0,1.0,,,,
lorensiuswlt/AndroidImageCrop,4435.0,176.0,0.0,,,,
mesos/hadoop,3703.0,176.0,2.0,,,,
mattermost/mattermost-android-classic,2756.0,175.0,14.0,,,,
liaoziyang/ContentAssist,2299.0,175.0,0.0,,,,
mcharmas/android-tagview,3631.0,175.0,0.0,,,,
jeevatkm/digitalocean-api-java,3719.0,175.0,18.0,,,,
hss01248/PageStateManager,2483.0,175.0,12.0,,,,
dgmltn/Android-ShareEverywhere,3706.0,174.0,0.0,,,,
p-v/FlexibleCalendar,2966.0,174.0,0.0,,,,
MiEcosystem/NewXmPluginSDK,2777.0,174.0,0.0,,,,
rstoyanchev/spring-mvc-chat,4162.0,174.0,0.0,,,,
scijava/scijava-jupyter-kernel,2414.0,174.0,6.0,,,,
hanhailong/SwipeBackSample,3016.0,174.0,0.0,,,,
elastic/elasticsearch-river-rabbitmq,4298.0,173.0,0.0,,,,
liaokailin/springcloud,2692.0,173.0,0.0,,,,
elephantscale/hadoop-book,3753.0,173.0,0.0,,,,
nathanRamaNoodles/Tinker-Controller,1716.0,173.0,0.0,,,,
AdrienPoupa/AttestationDeplacement,1271.0,173.0,27.0,,,,
JrDong/FitPopupWindow,2393.0,173.0,0.0,,,,
jvelo/mayocat-shop,4267.0,172.0,9.0,,,,
emmasuzuki/EasyForm,2715.0,172.0,3.0,,,,
ikidou/FragmentBackHandler,2732.0,172.0,4.0,,,,
rchodava/datamill,2975.0,172.0,0.0,,,,
oney/react-native-gcm-android,2859.0,172.0,0.0,,,,
yskgood/dubbo-hystrix-support,2677.0,172.0,0.0,,,,
zhaozepeng/Android_framework,2989.0,172.0,0.0,,,,
LiveRamp/hank,4602.0,172.0,0.0,,,,
dan-zx/material-notes,3220.0,172.0,0.0,,,,
googlearchive/android-SwipeRefreshListFragment,3296.0,172.0,0.0,,,,
upyun/Android-short-video,2229.0,171.0,0.0,,,,
pphdsny/Leetcode-Java,2834.0,171.0,0.0,,,,
free46000/HybridFoundation,2282.0,171.0,0.0,,,,
KellenHu/MvpRxRetrofit,2350.0,170.0,0.0,,,,
lmco/eurekastreams,4812.0,170.0,0.0,,,,
RobWin/assertj-swagger,3049.0,170.0,3.0,,,,
learnNcode/ScrollBarPanelWithClock,3715.0,170.0,0.0,,,,
LidongWen/WenldBanner,2124.0,170.0,5.0,,,,
aizuzi/FastAdapter,1964.0,169.0,8.0,,,,
Thomas-S-B/visualee,3805.0,169.0,0.0,,,,
YeDaxia/WanDaoJiaIndex,3187.0,169.0,0.0,,,,
fabric8io/elasticsearch-cloud-kubernetes,3253.0,169.0,4.0,,,,
pospospos2007/albert,2437.0,169.0,0.0,,,,
scp504677840/Fresco,2888.0,168.0,0.0,,,,
wangpeiyuan/DanmuDemo,2749.0,168.0,0.0,,,,
memfis19/Annca,2583.0,168.0,2.0,,,,
sszhangpengfei/MediaCodecEncodeH264,2833.0,168.0,0.0,,,,
sangmingming/Meizitu,3238.0,168.0,0.0,,,,
HomHomLin/FrescoImageView,2762.0,167.0,0.0,,,,
zhengxiaopeng/BounceProgressBar,3220.0,167.0,0.0,,,,
aliumujib/Nibo,2195.0,167.0,4.0,,,,
rest-driver/rest-driver,4526.0,167.0,0.0,,,,
hortonworks/simple-yarn-app,3688.0,167.0,0.0,,,,
a483210/MagicCamera-ImageReader,2347.0,167.0,0.0,,,,
aicaprio/CurtainView,3202.0,167.0,0.0,,,,
liangpengfei/SearchView,2862.0,166.0,0.0,,,,
intel-machine-learning/DistML,3308.0,166.0,1.0,,,,
panxw/android-image-indicator,3759.0,166.0,4.0,,,,
LiangLuDev/DevShapeUtils,2038.0,166.0,2.0,,,,
dongjunkun/RecyclerViewAccentFirst,2835.0,166.0,0.0,,,,
saulmm/Android-L-Preview-Concepts,3355.0,165.0,0.0,,,,
MRYangY/YZxing,2139.0,165.0,0.0,,,,
didi/DreamBox,1090.0,165.0,0.0,,,,
lxdvs/Volley-OkHttp-Android,3762.0,165.0,0.0,,,,
Lichenwei-Dev/ObservableScrollView,2336.0,165.0,0.0,,,,
CaMnter/EasyLikeArea,2728.0,164.0,0.0,,,,
msdx/androidkit,3944.0,164.0,0.0,,,,
nanchen2251/CoordinatorAppBarDemo,2463.0,164.0,0.0,,,,
lukaspili/Auto-Dagger2,3031.0,164.0,0.0,,,,
JessYanCoding/RxErrorHandler,2565.0,164.0,7.0,,,,
wkp111/StickLayout,2082.0,164.0,0.0,,,,
astamuse/asta4d,3920.0,164.0,0.0,,,,
play/play-android,4168.0,163.0,0.0,,,,
qdxxxx/StickyHeaderDecoration,2241.0,163.0,1.0,,,,
EOSEssentials/eos-java-rpc-wrapper,1972.0,163.0,0.0,,,,
xuminwlt/j360-cloud-all,2903.0,163.0,0.0,,,,
neoremind/navi-pbrpc,2990.0,163.0,0.0,,,,
MohammadAdib/Roundr,3802.0,163.0,0.0,,,,
zqhong/finalspeed,2800.0,163.0,1.0,,,,
ajaysahani/MultiActionTextView,3231.0,163.0,0.0,,,,
renaudcerrato/static-maps-api,2788.0,163.0,4.0,,,,
Pgrammerybj/AnimationUtils,2448.0,163.0,0.0,,,,
WAng91An/Wmall,2102.0,163.0,1.0,,,,
elastic/elasticsearch-river-couchdb,4298.0,163.0,0.0,,,,
JakeWharton/HanselAndGretel,4279.0,163.0,0.0,,,,
XianyuTech/hybrid_stack_manager,1812.0,163.0,0.0,,,,
dkmeteor/RecyclerViewAnimator,3301.0,163.0,0.0,,,,
yqritc/Android-ScalableImageView,3007.0,162.0,1.0,,,,
toddway/ListOfThings,2664.0,162.0,0.0,,,,
LaravelChen/TouTiao,2271.0,162.0,0.0,,,,
lushtree-cn-honeyzhao/WeixinMultiPlatform,3098.0,162.0,0.0,,,,
zzz40500/AnimatorCompat,2883.0,162.0,2.0,,,,
caseylmanus/go-react-native,2665.0,162.0,0.0,,,,
xseignard/cordovarduino,3578.0,162.0,0.0,,,,
veracode-research/spring-view-manipulation,1102.0,264.0,0.0,,,,
sasou/syncClient,2308.0,263.0,6.0,,,,
sveinungkb/encrypted-userprefs,4130.0,263.0,0.0,,,,
cgbystrom/netty-tools,4873.0,262.0,0.0,,,,
Even201314/NumberMorphView4Android,2667.0,262.0,3.0,,,,
madeye/BaoLianDeng,2943.0,262.0,0.0,,,,
schananas/practical-reactor,539.0,262.0,0.0,,,,
MoshDev/BackgroundViewPager,3650.0,262.0,0.0,,,,
thinkaurelius/faunus,4197.0,260.0,0.0,,,,
Shashank02051997/FancyWalkthrough-Android,2066.0,260.0,3.0,,,,
KingsMentor/Luhn,2259.0,260.0,10.0,,,,
vmware-archive/springsource-cloudfoundry-samples,4543.0,259.0,0.0,,,,
ryanw3bb/unity-native-toolkit,1908.0,258.0,0.0,,,,
lhazlewood/apache-shiro-tutorial-webapp,3583.0,257.0,0.0,,,,
VictorAlbertos/RxSocialConnect-Android,2670.0,257.0,14.0,,,,
hanbaokun/FloatingViewService,2615.0,256.0,0.0,,,,
MilkBowl/VaultAPI,3412.0,255.0,1.0,,,,
frogermcs/MultiModuleGithubClient,1882.0,254.0,0.0,,,,
CoXier/CheckBox,2600.0,254.0,0.0,,,,
horrorho/InflatableDonkey,2881.0,254.0,0.0,,,,
eccyan/SpinningTabStrip,3071.0,254.0,1.0,,,,
RiccardoMoro/LongPressPopup,2495.0,253.0,2.0,,,,
xybCoder/gank,2703.0,253.0,0.0,,,,
javolution/javolution,2722.0,252.0,0.0,,,,
bingoogolapple/BGAProgressBar-Android,2530.0,251.0,0.0,,,,
xuanbo/kettle-web,1633.0,250.0,0.0,,,,
erickok/RxCupboard,3072.0,249.0,5.0,,,,
Norbert515/DropDownWarning,2562.0,249.0,0.0,,,,
Javen205/IJPay-Demo,2222.0,249.0,0.0,,,,
drawthink/ExpandableRecyclerView,2245.0,249.0,0.0,,,,
ning/compress,4809.0,248.0,0.0,,,,
shamanland/fonticon,3589.0,248.0,0.0,,,,
libgdx/box2dlights,3466.0,247.0,0.0,,,,
jacobtabak/Fragment-Switcher,3285.0,247.0,0.0,,,,
xmuSistone/AlipayPullRefresh,1717.0,246.0,0.0,,,,
mmjang/ankihelper,2322.0,246.0,0.0,,,,
jshvarts/DaggerAndroidMVVM,2244.0,245.0,0.0,,,,
sumimakito/AdvancedTextSwitcher,3096.0,245.0,1.0,,,,
ChestShop-authors/ChestShop-3,4502.0,245.0,6.0,,,,
Cleveroad/Android-Marshmallow-Boot-Animation,2756.0,244.0,0.0,,,,
HellFirePvP/AstralSorcery,2787.0,244.0,0.0,,,,
chilijung/android-stepsview,2281.0,243.0,0.0,,,,
Mellanox/SparkRDMA,2231.0,243.0,5.0,,,,
schibsted/strongbox,2251.0,243.0,9.0,,,,
bloderxd/MagicButton,2601.0,242.0,0.0,,,,
arouel/uadetector,4145.0,242.0,0.0,,,,
VeerHan/RecyclerRefresh,2725.0,241.0,0.0,,,,
Piasy/RxScreenshotDetector,2782.0,241.0,0.0,,,,
polok/TaggerString,3255.0,241.0,0.0,,,,
zalando/jackson-datatype-money,3021.0,241.0,23.0,,,,
shellljx/FuckingVolumeSlider,2280.0,241.0,0.0,,,,
prolificinteractive/Chandelier,2887.0,240.0,1.0,,,,
aled/jsi,4849.0,239.0,0.0,,,,
unipiazza/unipiazza-android-twostepslogin,2987.0,239.0,0.0,,,,
andyb129/BeerProgressView,2680.0,237.0,0.0,,,,
lopei/collageview,2468.0,237.0,13.0,,,,
hyberbin/J-Excel,3251.0,237.0,0.0,,,,
dingjikerbo/Android-RTSP,2174.0,236.0,0.0,,,,
alibaba/android_viewtracker,2223.0,236.0,1.0,,,,
MinusKube/SmartInvs,2274.0,236.0,14.0,,,,
julianhyde/optiq,4053.0,235.0,6.0,,,,
google/myanmar-tools,2139.0,235.0,5.0,,,,
unsound/hfsexplorer,3359.0,235.0,32.0,,,,
ktuukkan/marine-api,3855.0,235.0,8.0,,,,
miomin/SHSwipeRefreshLayout,2612.0,235.0,2.0,,,,
zhiyuncloud/aixuexiao,3672.0,234.0,0.0,,,,
edolganov/live-chat-engine,3070.0,234.0,3.0,,,,
jaiselrahman/FilePicker,1919.0,234.0,18.0,,,,
apache/camel-spring-boot-examples,1215.0,234.0,0.0,,,,
codemybrainsout/place-search-dialog,2559.0,234.0,0.0,,,,
uPhyca/GAlette,3408.0,233.0,0.0,,,,
googlearchive/android-ads,3106.0,233.0,0.0,,,,
huihut/stuManager,2368.0,233.0,1.0,,,,
zgood9527/sql-update-check,971.0,233.0,0.0,,,,
alivebao/FreeSizeDraggableLayout,2710.0,232.0,0.0,,,,
OpenGamma/OG-Platform,4736.0,232.0,1.0,,,,
s4/core,4704.0,232.0,0.0,,,,
ujwal-coditas/MultiLamp,1782.0,232.0,0.0,,,,
Stay/PullRecycler,2720.0,232.0,0.0,,,,
scalecube/scalecube-cluster,1948.0,231.0,51.0,,,,
KubeHelper/kubehelper,1149.0,231.0,0.0,,,,
paul-hammant/paranamer,4842.0,231.0,0.0,,,,
mallethugo/RealParallaxAndroid,2828.0,230.0,0.0,,,,
lypeer/Matchmaker,2537.0,230.0,0.0,,,,
zen0wu/topcoder-greed,4033.0,230.0,8.0,,,,
unbescape/unbescape,3459.0,230.0,6.0,,,,
zzycreate/spring-boot-seed,1934.0,229.0,0.0,,,,
mauriciotogneri/green-coffee,2576.0,229.0,1.0,,,,
tarek360/Material-Animation-Samples,3047.0,228.0,0.0,,,,
natasam/Android-PercentProgressBar-lib,2825.0,227.0,0.0,,,,
mohsenoid/marvel,2516.0,227.0,1.0,,,,
telly/groundy,4182.0,226.0,0.0,,,,
derekcsm/hubble_gallery,3032.0,226.0,4.0,,,,
timothymiko/narrate-android,2721.0,226.0,1.0,,,,
tarek360/Animated-Icons,2487.0,226.0,0.0,,,,
PangHaHa12138/DouyinDemo,1743.0,225.0,0.0,,,,
m2ym/rsense,4974.0,224.0,0.0,,,,
baidu/dlock,2359.0,224.0,0.0,,,,
quux00/hive-json-schema,3718.0,224.0,0.0,,,,
persilee/android_ctrip,1195.0,224.0,2.0,,,,
kmshack/Android-TopScrollHelper,2897.0,309.0,0.0,,,,
pantrif/EasySplashScreen,2690.0,309.0,0.0,,,,
kolorobot/spring-boot-thymeleaf,3438.0,309.0,0.0,,,,
lukstei/trading-backtest,2805.0,309.0,0.0,,,,
dreamlivemeng/UpMarqueeTextView-master,2609.0,309.0,0.0,,,,
vinumeris/lighthouse,3286.0,309.0,2.0,,,,
LiveTyping/CannyViewAnimator,2695.0,309.0,0.0,,,,
yuweiguocn/SquareLoading,2486.0,308.0,3.0,,,,
thebusby/iota,3966.0,308.0,0.0,,,,
vikramkakkar/SublimeNavigationView,2809.0,308.0,0.0,,,,
iSECPartners/android-ssl-bypass,4011.0,308.0,0.0,,,,
WangGanxin/LoadDataLayout,2350.0,308.0,0.0,,,,
centic9/poi-on-android,2661.0,307.0,7.0,,,,
shanbay/mock-api,2580.0,307.0,0.0,,,,
youtongluan/sumk,2559.0,306.0,0.0,,,,
nmoskalenko/RxFirebase,2675.0,306.0,0.0,,,,
ZHENFENG13/My-Blog-layui,1466.0,305.0,0.0,,,,
numenta/htm.java,3320.0,305.0,9.0,,,,
rjsvieira/floatingMenu,2321.0,304.0,4.0,,,,
chemouna/Decor,3074.0,304.0,0.0,,,,
chxfantasy/spring-cloud-demo,2094.0,304.0,0.0,,,,
yanzhenjie/CircleTextProgressbar,2617.0,303.0,0.0,,,,
deano2390/OpenFlappyBird,3344.0,303.0,0.0,,,,
UCodeUStory/RecordVoiceView,2147.0,302.0,0.0,,,,
CyanogenMod/android_packages_apps_Camera,4816.0,302.0,0.0,,,,
AndroidDeveloperLB/ChipsLibrary,3444.0,301.0,0.0,,,,
google/thread-weaver,3261.0,301.0,0.0,,,,
baoyongzhang/ParcelableGenerator,3385.0,301.0,1.0,,,,
capitalone/cqrs-manager-for-distributed-reactive-services,2559.0,300.0,0.0,,,,
WebPrague/PedestrianDetectionSystem,1743.0,300.0,1.0,,,,
andforce/iBeebo,3176.0,299.0,0.0,,,,
vaenow/cordova-plugin-app-update,2873.0,299.0,1.0,,,,
darsh2/MultipleImageSelect,3032.0,299.0,4.0,,,,
szugyi/Android-CircleMenu,3837.0,298.0,0.0,,,,
smacke/jaydio,3481.0,298.0,0.0,,,,
androidthings/doorbell,2463.0,298.0,0.0,,,,
laforge49/JActor,4294.0,296.0,0.0,,,,
anjia0532/unidbg-boot-server,746.0,296.0,2.0,,,,
bkhezry/ExtraMapUtils,2336.0,296.0,3.0,,,,
klinker-apps/Android-SlidingEmojiKeyboard,2651.0,295.0,0.0,,,,
winterstein/Eclipse-Markdown-Editor-Plugin,4114.0,295.0,3.0,,,,
ZhuoKeTeam/QPM,1722.0,295.0,3.0,,,,
fython/BreadcrumbsView,2246.0,295.0,5.0,,,,
DevinShine/easyloadingbtn,3088.0,295.0,0.0,,,,
dschanoeh/Kayak,4741.0,295.0,4.0,,,,
chenpengfei88/StickyItemDecoration,2064.0,294.0,0.0,,,,
nok/leap-motion-processing,3872.0,294.0,13.0,,,,
loonggg/MaterialDesignDemo,2637.0,294.0,0.0,,,,
hyvenzhu/Android-Demos,2549.0,294.0,0.0,,,,
czy1121/bannerview,2331.0,294.0,3.0,,,,
secbr/drools,2232.0,294.0,0.0,,,,
xlorne/tx-lcn,2181.0,293.0,0.0,,,,
line/decaton,1285.0,293.0,37.0,,,,
jzachr/goldenorb,4605.0,292.0,0.0,,,,
Maescool/Catacomb-Snatch,4221.0,292.0,0.0,,,,
lizibin/black-shop,1750.0,292.0,0.0,,,,
AndreiD/UltimateAndroidAppTemplate,3304.0,292.0,0.0,,,,
AlexKolpa/fab-toolbar,3072.0,292.0,0.0,,,,
ganhuo/Android-Ganhuo,3062.0,291.0,0.0,,,,
searls/jasmine-maven-plugin,4825.0,291.0,27.0,,,,
bacy/titlebar,2887.0,290.0,0.0,,,,
javaparser/javasymbolsolver,2967.0,290.0,0.0,,,,
back2root/log4shell-rex,637.0,289.0,0.0,,,,
genius158/TVProjectUtils,2228.0,289.0,0.0,,,,
orhanobut/bee,3288.0,288.0,4.0,,,,
amigold/FunDapter,3771.0,288.0,0.0,,,,
aizk/vua,2288.0,288.0,0.0,,,,
iweizime/StepChanger,2196.0,288.0,0.0,,,,
nomanr/ZoomTextView,2849.0,288.0,0.0,,,,
christmasjason/StickyHeaderView,2642.0,288.0,0.0,,,,
Ashok-Varma/Gander,1925.0,288.0,15.0,,,,
yifei8/ABridge,1925.0,287.0,1.0,,,,
RaghavSood/AndroidCircularSeekBar,3881.0,287.0,0.0,,,,
sakserv/hadoop-mini-clusters,3172.0,287.0,0.0,,,,
yegor256/qulice,3795.0,287.0,69.0,,,,
chthai64/overscroll-bouncy-android,2686.0,287.0,0.0,,,,
ushelp/EasyEE,2903.0,287.0,0.0,,,,
zhangtiansimple/Leetcode,1453.0,287.0,0.0,,,,
imshyam/mintube,2787.0,286.0,3.0,,,,
arvinljw/ThumbUpSample,2157.0,286.0,0.0,,,,
wangfeng19930909/DragFloatingActionButton,1750.0,286.0,2.0,,,,
keeganlee/kstyle,2934.0,285.0,0.0,,,,
arlindiDev/CircleCheckBox,2773.0,284.0,0.0,,,,
amitshekhariitbhu/NYBus,2219.0,283.0,0.0,,,,
dmytrodanylyk/realm-browser,3050.0,283.0,0.0,,,,
linux-china/spring-boot-dubbo,2884.0,283.0,0.0,,,,
DigitalPebble/behemoth,4836.0,283.0,1.0,,,,
Everlaw/nbts,2965.0,283.0,33.0,,,,
johnlindquist/angularjs-plugin,4158.0,282.0,0.0,,,,
qiniu/happy-dns-android,3023.0,282.0,20.0,,,,
shichaohui/PageRecyelerViewDemo,2959.0,282.0,0.0,,,,
JarvanMo/ExoVideoView,2474.0,282.0,5.0,,,,
hairless/plink,1342.0,282.0,1.0,,,,
alibaba/tac,1943.0,281.0,0.0,,,,
aohanyao/ViewPagerCardTransformer,2278.0,281.0,4.0,,,,
xuyisheng/TextViewForFullHtml,2867.0,281.0,0.0,,,,
Jaouan/Carousel-Browsing-Example,2576.0,281.0,0.0,,,,
leebyron/streamgraph,4913.0,281.0,0.0,,,,
hss01248/NotifyUtil,2401.0,281.0,2.0,,,,
VKCOM/vk-java-sdk,2596.0,281.0,0.0,,,,
iamralpht/gravitas,3242.0,142.0,0.0,,,,
rylexr/android-show-hide-toolbar,3059.0,142.0,0.0,,,,
AppCanOpenSource/appcan-android,3184.0,142.0,5.0,,,,
romainpiel/Michelangelo,3519.0,142.0,0.0,,,,
chen-xiao-dong/RichEditText,2905.0,142.0,0.0,,,,
ronak-lm/android-watchlist,2817.0,142.0,1.0,,,,
Zweihui/ViscousSwipeItem,2470.0,142.0,0.0,,,,
nekopanda/logbook,3351.0,142.0,67.0,,,,
trecloux/yeoman-maven-plugin,3791.0,141.0,0.0,,,,
hiwhitley/AmmountView,2610.0,141.0,0.0,,,,
zqljintu/Memory-capsule,1935.0,141.0,0.0,,,,
googlearchive/AndroidDrawing,3724.0,141.0,0.0,,,,
timqi/CollapsibleTextView,2391.0,141.0,0.0,,,,
googlearchive/android-TextSwitcher,3296.0,141.0,0.0,,,,
mylhyl/AndroidSuperDialog,2740.0,141.0,0.0,,,,
armcha/MVP-Architecture-Components,2300.0,141.0,0.0,,,,
isee15/captcha-ocr,2976.0,141.0,0.0,,,,
DeqingSun/ESP8266-Dash-Button,3071.0,141.0,0.0,,,,
androidflux/flux,2825.0,141.0,0.0,,,,
githubwing/CustomBehavior,2575.0,141.0,0.0,,,,
apache/incubator-brooklyn,3419.0,141.0,0.0,,,,
Batterii/PagingRecycler,2719.0,141.0,2.0,,,,
qzind/qz-print,3373.0,140.0,9.0,,,,
chensoul/learning-hadoop,3456.0,140.0,1.0,,,,
xiaanming/SlidingFinish,3470.0,140.0,0.0,,,,
paveldudka/AndroidRippleDemo,3339.0,140.0,0.0,,,,
xiazdong/RecyclerViewDemo,2525.0,140.0,0.0,,,,
codinguser/android_contact_picker,4300.0,140.0,0.0,,,,
Alan-Mo/ImageSelectAndCutDemo,2557.0,140.0,0.0,,,,
leerduo/FilterDropDownMenu,3024.0,140.0,0.0,,,,
kenyee/android-ddp-client,3694.0,140.0,0.0,,,,
adyliu/zkclient,4169.0,140.0,2.0,,,,
tekinarslan/AndroidPdfViewer,3258.0,140.0,0.0,,,,
danialgoodwin/android-widget-keyboardless-edittext,3386.0,140.0,0.0,,,,
jerryion/DragMoreScrollView,2264.0,140.0,0.0,,,,
bouncestorage/chaos-http-proxy,3096.0,139.0,2.0,,,,
smuyyh/CommonLibary,2711.0,139.0,0.0,,,,
m039/beacon-keeper,3187.0,139.0,3.0,,,,
sevar83/indeterminate-checkbox,2894.0,139.0,0.0,,,,
panpf/pager-indicator,3681.0,139.0,4.0,,,,
hanks-zyh/ScrollViewOnTouch,3181.0,139.0,0.0,,,,
bulletnoid/StaggeredGridView,3660.0,139.0,0.0,,,,
xuningjack/CustomClock,2385.0,139.0,0.0,,,,
Jerey-Jobs/KeepGank,2403.0,139.0,1.0,,,,
Ellzord/JALSE,3220.0,139.0,13.0,,,,
postalservice14/vuejs-plugin,2848.0,139.0,0.0,,,,
swaechter/angularj-universal,2336.0,139.0,3.0,,,,
processing-r/Processing.R,2575.0,139.0,12.0,,,,
gturri/aXMLRPC,4349.0,139.0,0.0,,,,
chg122345/jleopard,1976.0,139.0,5.0,,,,
FasterXML/jackson-dataformat-yaml,4182.0,139.0,0.0,,,,
dodocat/AndroidNetworkDemo,2966.0,138.0,0.0,,,,
ccoenraets/backbone-jax-cellar,4262.0,138.0,0.0,,,,
basil2style/Retrofit-Android-Basic,3080.0,138.0,0.0,,,,
jondwillis/AChartEngine,4323.0,138.0,0.0,,,,
HCDarren/DRouter,2057.0,138.0,0.0,,,,
hehonghui/simple_net_framework,3162.0,138.0,0.0,,,,
kanytu/android-parallax-listview,3251.0,138.0,2.0,,,,
MrFuFuFu/RxFace,2826.0,138.0,0.0,,,,
drop-out/Tianchi-Wifi-Positioning,2100.0,138.0,0.0,,,,
nicewarm/WeChatImageClipping,3149.0,138.0,0.0,,,,
CNCoderX/PhotoPicker,2359.0,138.0,2.0,,,,
mongodb/stitch-examples,2352.0,138.0,0.0,,,,
RoRoche/AndroidStarter,2752.0,138.0,0.0,,,,
mesos/storm,3363.0,138.0,20.0,,,,
jiangyinbin/PluginTheme,2936.0,138.0,0.0,,,,
thedracle/cordova-android-chromeview,3729.0,138.0,0.0,,,,
laomafeima/WebJava,3259.0,138.0,0.0,,,,
iSafeBlue/fastjson-autotype-bypass-demo,1219.0,138.0,0.0,,,,
ChenSiLiang/RotatePhotoView,2918.0,138.0,1.0,,,,
xuningjack/IOSToggleButton,2386.0,138.0,0.0,,,,
dtx12/AndroidAnimationsActions,2955.0,137.0,0.0,,,,
wqandroid/ihepai,3206.0,137.0,0.0,,,,
highcharts/highcharts-export-server,2880.0,137.0,0.0,,,,
siwangqishiq/DragIndicatorView,2720.0,137.0,0.0,,,,
xuningjack/MultiListView,2385.0,137.0,0.0,,,,
enlivenhq/teamcity-slack,3318.0,137.0,1.0,,,,
ceylon/ceylon-compiler,4613.0,137.0,0.0,,,,
serso/android-common,4258.0,137.0,0.0,,,,
inloop/UpdatableFragmentStatePagerAdapter,2471.0,137.0,0.0,,,,
couchbaselabs/mini-hacks,3226.0,137.0,0.0,,,,
tsunghanjacktsai/algorithm,1872.0,137.0,0.0,,,,
alexrs/RecyclerViewRenderers,3242.0,136.0,0.0,,,,
banshee/AndroidProguardScala,4821.0,136.0,1.0,,,,
durkiewicz/elm-plugin,2802.0,136.0,0.0,,,,
spinscale/elasticsearch-opennlp-plugin,3849.0,136.0,0.0,,,,
htm-community/flink-htm,2737.0,136.0,0.0,,,,
liaohuqiu/SimpleHashSet,3164.0,136.0,0.0,,,,
tielei/BadgeNumberTree,2631.0,136.0,0.0,,,,
manumaticx/Ti.DrawerLayout,3365.0,136.0,3.0,,,,
melbshark/Direct-Load-apk,3089.0,136.0,0.0,,,,
ZacSweers/ticktock,1177.0,136.0,3.0,,,,
xuningjack/Character_Line_Feed_TextView,2387.0,136.0,0.0,,,,
moust/cordova-plugin-videoplayer,3399.0,136.0,0.0,,,,
yefengjie/BtPrinter,3023.0,136.0,0.0,,,,
androrm/androrm,4661.0,136.0,0.0,,,,
obaniu2006/react-native-RealRecyclerView,2545.0,136.0,0.0,,,,
wxbty/meepo,1869.0,136.0,0.0,,,,
foursquare/foursquare-android-oauth,3743.0,136.0,0.0,,,,
Pixplicity/letterpress,2985.0,135.0,1.0,,,,
wwwlike/vlife,489.0,571.0,1.0,,,,
irfaan008/OnePageSigninSignup,2506.0,570.0,0.0,,,,
PortSwigger/backslash-powered-scanner,2504.0,570.0,0.0,,,,
muyinchen/woker,2515.0,570.0,0.0,,,,
sho5nn/ZDepthShadow,3212.0,569.0,4.0,,,,
jaaksi/pickerview,2017.0,569.0,0.0,,,,
Consensys/teku,1830.0,569.0,87.0,,,,
kamranzafar/JCL,4561.0,568.0,0.0,,,,
easymock/objenesis,3709.0,563.0,11.0,,,,
f0ng/autoDecoder,534.0,563.0,24.0,,,,
KylinOLAP/Kylin,3408.0,562.0,3.0,,,,
japgolly/svg-android,3913.0,562.0,0.0,,,,
daoshenzzg/socket-mqtt,1658.0,562.0,0.0,,,,
licheedev/Android-SerialPort-Tool,1999.0,560.0,0.0,,,,
beyondfengyu/HappyChat,2430.0,559.0,0.0,,,,
usc-isi-i2/Web-Karma,4371.0,559.0,31.0,,,,
rfc2822/GfxTablet,3891.0,557.0,3.0,,,,
vickychijwani/quill,3130.0,554.0,0.0,,,,
cometd/cometd,4499.0,554.0,5.0,,,,
SonarSource/sonarlint-intellij,3605.0,553.0,72.0,,,,
intel-cloud/cosbench,3825.0,553.0,9.0,,,,
JakeWharton/SwipeToDismissNOA,4096.0,552.0,0.0,,,,
bystc/MovieRecommender,2063.0,552.0,0.0,,,,
Namir233/ZrcListView,3353.0,551.0,0.0,,,,
steve-community/steve,3658.0,551.0,39.0,,,,
ColdSauce/CosmosBrowserAndroid,3289.0,548.0,0.0,,,,
LambdaXiao/StockChart-MPAndroidChart,2072.0,546.0,3.0,,,,
stefanbirkner/system-rules,4304.0,545.0,0.0,,,,
SmartPack/SmartPack-Kernel-Manager,2153.0,542.0,165.0,,,,
totond/BooheeRuler,2158.0,542.0,0.0,,,,
BotLibre/BotLibre,2905.0,541.0,0.0,,,,
uncleleonfan/FanChat,2522.0,540.0,0.0,,,,
ddnosh/AndroidQuick,2012.0,538.0,0.0,,,,
tumblr/Bookends,3049.0,538.0,1.0,,,,
inspectIT/inspectIT,3157.0,535.0,27.0,,,,
IoT-Technology/Groza,1784.0,534.0,0.0,,,,
apavlo/h-store,4268.0,534.0,3.0,,,,
jeremyh/jBCrypt,4758.0,534.0,0.0,,,,
Androguide/HoloGraphLibrary,3704.0,533.0,0.0,,,,
Pangu-Immortal/KeepAlivePerfect,854.0,533.0,0.0,,,,
slackapi/java-slack-sdk,2627.0,533.0,89.0,,,,
Rogero0o/PasswordLoadingView,2806.0,530.0,0.0,,,,
jaychang0917/SimpleText,2497.0,530.0,1.0,,,,
dhatim/fastexcel,2763.0,530.0,84.0,,,,
digitalpetri/modbus,3286.0,529.0,0.0,,,,
Shashank02051997/FancyGifDialog-Android,2074.0,528.0,5.0,,,,
vinc3m1/DragSortAdapter,3213.0,527.0,0.0,,,,
Diablo-D3/DiabloMiner,4692.0,526.0,0.0,,,,
njovy/AppRTCDemo,3150.0,525.0,0.0,,,,
six2dez/wahh_extras,1402.0,525.0,0.0,,,,
misakuo/svgtoandroid,2826.0,524.0,12.0,,,,
lingochamp/QiniuImageLoader,2827.0,524.0,1.0,,,,
JlUgia/beauty-treatment-android-animations,2917.0,523.0,0.0,,,,
ceabie/DexKnifePlugin,2749.0,521.0,0.0,,,,
safe6Sec/ShiroExp,787.0,519.0,5.0,,,,
ReactiveX/RxJavaFX,3310.0,516.0,31.0,,,,
iammert/dagger-android-injection,2279.0,515.0,0.0,,,,
castello/javajungsuk_basic,1476.0,515.0,0.0,,,,
Zane96/Fairy,2172.0,513.0,0.0,,,,
openjdk-mirror/jdk7u-jdk,4144.0,512.0,0.0,,,,
widdix/aws-s3-virusscan,2728.0,512.0,12.0,,,,
FrangSierra/RxFirebase,2493.0,512.0,17.0,,,,
eclipse-lsp4j/lsp4j,2496.0,511.0,16.0,,,,
hazems/mvvm-sample-app,2294.0,511.0,0.0,,,,
jenzz/Android-MaterialPreference,3147.0,510.0,5.0,,,,
dragonwell-project/dragonwell11,1369.0,509.0,23.0,,,,
Hakky54/mutual-tls-ssl,1765.0,508.0,0.0,,,,
florent37/TutoShowcase,2590.0,508.0,0.0,,,,
IntellectualSites/FastAsyncWorldEdit,1726.0,507.0,29.0,,,,
xiprox/WaniKani-for-Android,3320.0,507.0,11.0,,,,
CaMnter/EasyRecyclerViewSidebar,2716.0,505.0,0.0,,,,
lemire/JavaFastPFOR,4084.0,505.0,0.0,,,,
YoKeyword/SwipeBackFragment,2699.0,504.0,0.0,,,,
cami-la/debugging-java,706.0,503.0,0.0,,,,
mdsecresearch/BurpSuiteSharpener,977.0,503.0,1.0,,,,
childe/hangout,2919.0,502.0,21.0,,,,
WecanStudio/Android,2874.0,501.0,0.0,,,,
klinker24/Android-3DTouch-PeekView,2618.0,500.0,0.0,,,,
DmitryMalkovich/circular-with-floating-action-button,2710.0,499.0,1.0,,,,
jrvansuita/GaussianBlur,2496.0,499.0,4.0,,,,
ChickenHook/RestrictionBypass,1228.0,498.0,9.0,,,,
Railcraft/Railcraft,3922.0,498.0,4.0,,,,
mutaphore/RTSP-Client-Server,3046.0,498.0,0.0,,,,
nats-io/nats.java,2880.0,498.0,73.0,,,,
mini2Dx/mini2Dx,3859.0,497.0,153.0,,,,
saeedsh92/Banner-Slider,2472.0,497.0,0.0,,,,
crawljax/crawljax,3937.0,495.0,21.0,,,,
jenkinsci/ghprb-plugin,4024.0,495.0,0.0,,,,
Toolwiz/ToolWizAppLock,2972.0,495.0,0.0,,,,
gotokatsuya/BlurredGridMenu,3021.0,494.0,0.0,,,,
ashald/EnvFile,2979.0,494.0,15.0,,,,
skidfuscatordev/skidfuscator-java-obfuscator,749.0,494.0,15.0,,,,
system-sekkei/isolating-the-domain,3023.0,493.0,7.0,,,,
harvic/harvic_blg_share,3091.0,492.0,0.0,,,,
yandex-qatools/postgresql-embedded,3215.0,492.0,0.0,,,,
huanzi-qch/springBoot,1524.0,491.0,0.0,,,,
zybieku/SoftKeyboardUtil,2305.0,491.0,0.0,,,,
Erudika/para,3473.0,491.0,131.0,,,,
wuapnjie/SuspensionBar,2499.0,490.0,0.0,,,,
Taishi-Y/MusicIndicator,2289.0,490.0,0.0,,,,
LJWLgl/CommonUtil,1840.0,526.0,0.0,,,,
snakerflow-starter/snakerflow-spring-boot-starter,1382.0,526.0,0.0,,,,
jxnu-liguobin/cs-summary-reflection,2018.0,525.0,0.0,,,,
OWASP/MASTG-Hacking-Playground,2608.0,525.0,2.0,,,,
zuihou/lamp-boot,1443.0,525.0,0.0,,,,
aicareles/AopArms,1564.0,523.0,0.0,,,,
hougr/SmartisanPull,2569.0,522.0,0.0,,,,
damianszczepanik/cucumber-reporting,4085.0,522.0,0.0,,,,
threedr3am/ZhouYu,896.0,522.0,0.0,,,,
googlearchive/android-PdfRendererBasic,3303.0,522.0,0.0,,,,
yindz/common-random,1332.0,522.0,22.0,,,,
zjn-zjn/ice,825.0,522.0,10.0,,,,
xinghongfei/Hello-RxJava,2526.0,522.0,0.0,,,,
getActivity/GsonFactory,1010.0,521.0,9.0,,,,
ronaldsmartin/Material-ViewPagerIndicator,2524.0,521.0,6.0,,,,
grpc-ecosystem/polyglot,2731.0,520.0,8.0,,,,
passsy/CompositeAndroid,2687.0,517.0,27.0,,,,
LibraryOfCongress/api.congress.gov,616.0,517.0,0.0,,,,
yydcdut/SlideAndDragListView,2950.0,517.0,0.0,,,,
amazon-archives/aws-apigateway-importer,2979.0,517.0,0.0,,,,
OnlyInAmerica/GlanceReader,3481.0,516.0,0.0,,,,
Zhaoss/VideoPlayerDemo,1757.0,515.0,0.0,,,,
gast-lib/gast-lib,4157.0,514.0,0.0,,,,
passy/Android-DirectoryChooser,3897.0,514.0,1.0,,,,
inception-project/inception,1994.0,513.0,158.0,,,,
FoundationDB/fdb-record-layer,1866.0,512.0,0.0,,,,
Zweihui/RxFingerPrinter,2444.0,511.0,0.0,,,,
minbox-projects/api-boot,1637.0,511.0,30.0,,,,
amazon-archives/realworld-serverless-application,1442.0,510.0,1.0,,,,
mayuce/AndroidDocumentScanner,1651.0,509.0,5.0,,,,
TyCoding/springboot-seckill,1796.0,509.0,0.0,,,,
L316476844/springbootexample,2311.0,509.0,1.0,,,,
lumenghz/PullToRefresh,2642.0,508.0,3.0,,,,
ilanyu/ReverseProxy-Android,1998.0,508.0,3.0,,,,
googlearchive/science-journal,2630.0,508.0,6.0,,,,
barryhappy/TContributionsView,2481.0,508.0,0.0,,,,
google/s2-geometry-library-java,2908.0,507.0,0.0,,,,
banq/jivejdon,1849.0,507.0,1.0,,,,
TangBean/Java-Concurrency-in-Practice,1704.0,507.0,0.0,,,,
0x727/BypassPro,158.0,507.0,2.0,,,,
afsalashyana/Library-Assistant,2494.0,506.0,2.0,,,,
AlphaWallet/alpha-wallet-android,2045.0,506.0,61.0,,,,
dmilicic/android-clean-sample-app,2832.0,505.0,0.0,,,,
Grootzz/dis-seckill,1565.0,505.0,0.0,,,,
smartyuge/SuperIndicator,2572.0,504.0,1.0,,,,
elastic/elasticsearch-mapper-attachments,4298.0,503.0,0.0,,,,
neo4j-examples/movies-java-spring-data-neo4j,2897.0,502.0,0.0,,,,
qinci/EdgeTranslucent,2429.0,502.0,0.0,,,,
andydevacc/MentionEditText,2541.0,502.0,0.0,,,,
alkacon/opencms-core,4458.0,501.0,29.0,,,,
zzz40500/Android-PullToNextLayout,3087.0,500.0,1.0,,,,
gaoxianglong/shark,2804.0,500.0,9.0,,,,
housepower/ClickHouse-Native-JDBC,1946.0,499.0,22.0,,,,
vivian8725118/CardView,2475.0,499.0,0.0,,,,
Gericop/Android-Support-Preference-V7-Fix,2944.0,499.0,17.0,,,,
BoD/android-switch-backport,4109.0,498.0,4.0,,,,
bethrobson/Head-First-Java,2979.0,498.0,0.0,,,,
wongzy/FancyView,2094.0,497.0,0.0,,,,
Exslims/MercuryTrade,2469.0,497.0,28.0,,,,
udacity/Just-Java,3031.0,496.0,0.0,,,,
wosyingjun/beauty_ssm_cluster,2618.0,496.0,0.0,,,,
ZieIony/MaterialRecents,3072.0,495.0,0.0,,,,
gotokatsuya/BlurredGridMenu,3021.0,494.0,0.0,,,,
DavidBuchanan314/NXLoader,1962.0,494.0,3.0,,,,
dustin/java-memcached-client,5673.0,494.0,0.0,,,,
Syehunter/MaterialPageStateLayout,2802.0,494.0,5.0,,,,
maddevsio/mad-location-manager,2035.0,492.0,17.0,,,,
react-native-component/react-native-smart-splash-screen,2583.0,492.0,0.0,,,,
jaeksoft/opensearchserver,3707.0,491.0,0.0,,,,
delight-im/Faceless,3345.0,491.0,0.0,,,,
FirebaseExtended/mlkit-material-android,1599.0,491.0,0.0,,,,
airlift/slice,3815.0,490.0,0.0,,,,
feeeei/CircleSeekbar,2853.0,490.0,8.0,,,,
spring-attic/spring-hadoop-samples,3673.0,490.0,0.0,,,,
GitLqr/LQREmojiLibrary,2447.0,490.0,0.0,,,,
pmiaowu/HostCollision,696.0,490.0,20.0,,,,
cBioPortal/cbioportal,3099.0,490.0,273.0,,,,
krishnarb3/Popview-Android,2640.0,489.0,0.0,,,,
Delta2Force/MCVmComputers,1194.0,489.0,26.0,,,,
venmo/tooltip-view,3281.0,488.0,0.0,,,,
TomWithJerry/CoolAndroidAnim,2793.0,488.0,0.0,,,,
manmal/hn-android,4032.0,488.0,0.0,,,,
materialdoc/materialdoc,2855.0,488.0,2.0,,,,
git-moss/DrivenByMoss,2322.0,487.0,118.0,,,,
czy1121/cornerlabelview,2545.0,487.0,4.0,,,,
carymrobbins/intellij-haskforce,3539.0,487.0,52.0,,,,
CognitiveJ/cognitivej,2672.0,486.0,1.0,,,,
Jaouan/CompoundLayout,2581.0,485.0,2.0,,,,
ppamorim/Cult,3027.0,483.0,2.0,,,,
SinaVDDeveloper/sinavideo_playersdk,2962.0,482.0,0.0,,,,
pivovarit/parallel-collectors,1695.0,482.0,28.0,,,,
airlift/aircompressor,4065.0,482.0,0.0,,,,
Diffey/RxZhihuPager,2763.0,482.0,0.0,,,,
googlesamples/android-play-publisher-api,3357.0,482.0,0.0,,,,
385841539/HorizontalScrollSelectedView,2327.0,481.0,1.0,,,,
elbbbird/ESSocialSDK,2853.0,481.0,1.0,,,,
xuminwlt/j360-dubbo-app-all,2610.0,481.0,0.0,,,,
yaxim-org/yaxim,5132.0,480.0,0.0,,,,
spring-attic/spring-xd,3806.0,480.0,0.0,,,,
vvanholl/elasticsearch-prometheus-exporter,2602.0,479.0,162.0,,,,
i91h1r/MaterialNews-Mvp,2572.0,117.0,0.0,,,,
apigrove/apigrove,4060.0,117.0,0.0,,,,
xiaolf1/AppDress,1106.0,117.0,0.0,,,,
k55k32/cms-admin-end,2489.0,117.0,0.0,,,,
jprante/elasticsearch-index-termlist,4187.0,117.0,0.0,,,,
Jacksgong/filedownloader-okhttp3-connection,2446.0,117.0,2.0,,,,
P7h/IntroToHadoopAndMR__Udacity_Course,3575.0,117.0,0.0,,,,
dc-sics/hopsworks,3093.0,116.0,4.0,,,,
sequenceiq/sequenceiq-samples,3487.0,116.0,0.0,,,,
renard314/ListView3d,4184.0,116.0,0.0,,,,
VictorAlbertos/RxCacheSamples,2795.0,116.0,0.0,,,,
mingcheng/iZhihu,3763.0,116.0,0.0,,,,
chathudan/KitKatEmoji,3426.0,116.0,0.0,,,,
andremion/Android-Animated-Icons,2922.0,116.0,0.0,,,,
chenxxpro/NextVersions,3169.0,116.0,0.0,,,,
enriquepiatti/Magicento,4025.0,116.0,0.0,,,,
hencoder/PracticeDraw3,2240.0,116.0,0.0,,,,
rjyo/twitter-2-weibo,4476.0,116.0,0.0,,,,
onefoursix/Cloudera-Impala-JDBC-Example,3776.0,116.0,0.0,,,,
MichaelJokAr/Gank.io,2558.0,116.0,0.0,,,,
shaileshmamgain5/Carousel-Notification,2439.0,116.0,0.0,,,,
qibin0506/CardLayoutManager,2541.0,116.0,0.0,,,,
thiloplanz/v7files,4298.0,116.0,0.0,,,,
hackreduce/Hackathon,4555.0,116.0,0.0,,,,
kyleduo/Rabbits,2469.0,116.0,0.0,,,,
aoju/lancia,1500.0,116.0,6.0,,,,
jfree/jfreechart-fse,4110.0,116.0,0.0,,,,
lin18/TimeLine,2212.0,116.0,0.0,,,,
janishar/JPost,2546.0,116.0,5.0,,,,
projectbuendia/buendia,3136.0,116.0,0.0,,,,
googlemaps/roads-api-samples,3099.0,116.0,0.0,,,,
sababado/CircularView,3463.0,116.0,0.0,,,,
Panl/Gank.io,2823.0,116.0,0.0,,,,
T-baby/ICERest,2602.0,116.0,3.0,,,,
mesosphere-backup/dcos-cassandra-service,2765.0,116.0,13.0,,,,
namito/TagCloudLinkView,3414.0,116.0,0.0,,,,
chuanzh/eop,2331.0,115.0,0.0,,,,
signalapp/PushServer,3206.0,115.0,0.0,,,,
ayaremin/panter-dialog,2490.0,115.0,0.0,,,,
rameshkec85/BottomTabsFragmentTabHost,3856.0,115.0,1.0,,,,
asakusafw/asakusafw,4548.0,115.0,0.0,,,,
eoecn/Libraries-for-Android-Developers,3558.0,115.0,0.0,,,,
gcgongchao/flashview,3179.0,115.0,0.0,,,,
hencoder/PracticeDraw5,2219.0,115.0,0.0,,,,
Mastering-Spring-MVC-4/mastering-spring-mvc4,2989.0,115.0,0.0,,,,
loyin/JFOA,3977.0,115.0,0.0,,,,
Xiasm/LoginArchitecture,1854.0,115.0,0.0,,,,
cosmin/IClojure,4256.0,115.0,0.0,,,,
v1210012100/Gank.IO2,2682.0,115.0,0.0,,,,
fasterthanlime/jooc-legacy,5199.0,115.0,0.0,,,,
sky-wei/xposed-aweme,1899.0,115.0,0.0,,,,
Scout24/yum-repo-server,4079.0,115.0,0.0,,,,
VictorAlbertos/RxFcm,2615.0,115.0,7.0,,,,
saiyedzaidi/spring-cache-self-refresh,2538.0,115.0,0.0,,,,
Wang-Jun-Chao/Cracking-the-Coding-Interview,2891.0,115.0,0.0,,,,
youmu178/ArcProgressBar,2607.0,115.0,0.0,,,,
panjichang/small_video,3031.0,115.0,0.0,,,,
dueros/bot-sdk-java,2076.0,114.0,0.0,,,,
hengyuboy/spring-boot-chapter,1877.0,114.0,0.0,,,,
appdev/GoldDemo,3064.0,114.0,0.0,,,,
miguno/avro-hadoop-starter,3722.0,114.0,0.0,,,,
mrwilson/java-dirty,3113.0,114.0,0.0,,,,
chucheng92/TinyMooc,2827.0,114.0,0.0,,,,
jiangqqlmj/DragHelper4QQ,2832.0,114.0,0.0,,,,
happyyangyuan/springcloud-quickstart,2118.0,114.0,0.0,,,,
CNCoderX/ExpandableTextView,2196.0,113.0,0.0,,,,
anbud/MarkovComposer,3078.0,113.0,0.0,,,,
mohak1712/Insta-Chat,2384.0,113.0,0.0,,,,
SwipeX/PokeMate,2607.0,113.0,30.0,,,,
mitoyarzun/zxingfragmentlib,3646.0,113.0,0.0,,,,
tnm/murmurhash-java,4450.0,113.0,0.0,,,,
janishar/post-office-simulator-looper-example,2445.0,113.0,0.0,,,,
AndSync/XPermissionUtils,2469.0,113.0,0.0,,,,
defacto133/MultiLevelExpandableIndentableListView,3231.0,113.0,0.0,,,,
imrunning/android-instagram-image-filter,3105.0,113.0,0.0,,,,
anjlab/android-sms-gateway,3620.0,113.0,1.0,,,,
hitherejoe/HackerNewsReader,3096.0,113.0,0.0,,,,
MohamadSaada/LogiGSK,2407.0,113.0,1.0,,,,
quarnster/SublimeJava,4176.0,113.0,0.0,,,,
yakaz/elasticsearch-action-updatebyquery,3862.0,113.0,0.0,,,,
nuuneoi/AdjustableImageView,3104.0,113.0,0.0,,,,
canyinghao/CanDialog,2748.0,113.0,0.0,,,,
Anthonyzou/react-native-image-zoom,2764.0,113.0,1.0,,,,
campusappcn/Pan,2890.0,113.0,9.0,,,,
neoremind/easy-mapper,2604.0,113.0,0.0,,,,
sanity/tahrir,4593.0,113.0,0.0,,,,
pakoito/RxTuples,2835.0,112.0,1.0,,,,
CommonQ/XSwipeRefresh,3011.0,112.0,0.0,,,,
shchurov/ParticleView,2481.0,112.0,12.0,,,,
wolfking0608/MobileVideo,2430.0,112.0,0.0,,,,
nuno/TiCollectionView,3225.0,112.0,0.0,,,,
netcan/Talk,2467.0,112.0,2.0,,,,
Kurento/kurento-room,3063.0,112.0,0.0,,,,
pjklauser/protobuf-rpc-pro,3060.0,112.0,0.0,,,,
REDNBLACK/J-Kinopoisk2IMDB,2713.0,112.0,15.0,,,,
googlearchive/android-ActionBarCompat-ShareActionProvider,3296.0,112.0,0.0,,,,
tiwiz/RxAndroidCrunch,3136.0,112.0,0.0,,,,
liuzhengyang/simple-rpc,2460.0,112.0,1.0,,,,
googlearchive/android-ScopedDirectoryAccess,2742.0,112.0,0.0,,,,
beczesz/FragmentNavigationPatternDemo,2767.0,111.0,0.0,,,,
,,,,103.0,584.0,73.0,25.0
